,Caseload ID,Caseload Level,Run Number,Week Number
0,PwP_0,30,0,0
1,PwP_1,30,0,0
2,PwP_2,30,0,0
3,CBT_0,25,0,0
4,Couns_0,25,0,0
5,PwP_0,30,0,1
6,PwP_1,30,0,1
7,PwP_2,30,0,1
8,CBT_0,25,0,1
9,Couns_0,25,0,1
10,PwP_0,30,0,2
11,PwP_1,30,0,2
12,PwP_2,30,0,2
13,CBT_0,25,0,2
14,Couns_0,25,0,2
15,PwP_0,29,0,3
16,PwP_1,30,0,3
17,PwP_2,30,0,3
18,CBT_0,25,0,3
19,Couns_0,25,0,3
20,PwP_0,29,0,4
21,PwP_1,30,0,4
22,PwP_2,30,0,4
23,CBT_0,25,0,4
24,Couns_0,25,0,4
25,PwP_0,29,0,5
26,PwP_1,30,0,5
27,PwP_2,30,0,5
28,CBT_0,25,0,5
29,Couns_0,25,0,5
30,PwP_0,29,0,6
31,PwP_1,30,0,6
32,PwP_2,30,0,6
33,CBT_0,25,0,6
34,Couns_0,25,0,6
35,PwP_0,28,0,7
36,PwP_1,30,0,7
37,PwP_2,30,0,7
38,CBT_0,25,0,7
39,Couns_0,25,0,7
40,PwP_0,28,0,8
41,PwP_1,30,0,8
42,PwP_2,30,0,8
43,CBT_0,25,0,8
44,Couns_0,25,0,8
45,PwP_0,28,0,9
46,PwP_1,30,0,9
47,PwP_2,30,0,9
48,CBT_0,25,0,9
49,Couns_0,25,0,9
50,PwP_0,28,0,10
51,PwP_1,30,0,10
52,PwP_2,30,0,10
53,CBT_0,25,0,10
54,Couns_0,25,0,10
55,PwP_0,28,0,11
56,PwP_1,30,0,11
57,PwP_2,30,0,11
58,CBT_0,25,0,11
59,Couns_0,25,0,11
60,PwP_0,28,0,12
61,PwP_1,30,0,12
62,PwP_2,30,0,12
63,CBT_0,25,0,12
64,Couns_0,25,0,12
65,PwP_0,28,0,13
66,PwP_1,30,0,13
67,PwP_2,30,0,13
68,CBT_0,25,0,13
69,Couns_0,25,0,13
70,PwP_0,28,0,14
71,PwP_1,30,0,14
72,PwP_2,30,0,14
73,CBT_0,25,0,14
74,Couns_0,25,0,14
75,PwP_0,28,0,15
76,PwP_1,30,0,15
77,PwP_2,30,0,15
78,CBT_0,25,0,15
79,Couns_0,25,0,15
80,PwP_0,28,0,16
81,PwP_1,30,0,16
82,PwP_2,30,0,16
83,CBT_0,25,0,16
84,Couns_0,25,0,16
85,PwP_0,28,0,17
86,PwP_1,30,0,17
87,PwP_2,30,0,17
88,CBT_0,25,0,17
89,Couns_0,25,0,17
90,PwP_0,28,0,18
91,PwP_1,30,0,18
92,PwP_2,30,0,18
93,CBT_0,25,0,18
94,Couns_0,25,0,18
95,PwP_0,28,0,19
96,PwP_1,30,0,19
97,PwP_2,30,0,19
98,CBT_0,25,0,19
99,Couns_0,25,0,19
100,PwP_0,29,0,20
101,PwP_1,30,0,20
102,PwP_2,30,0,20
103,CBT_0,25,0,20
104,Couns_0,25,0,20
105,PwP_0,29,0,21
106,PwP_1,30,0,21
107,PwP_2,30,0,21
108,CBT_0,25,0,21
109,Couns_0,25,0,21
110,PwP_0,29,0,22
111,PwP_1,30,0,22
112,PwP_2,30,0,22
113,CBT_0,25,0,22
114,Couns_0,25,0,22
115,PwP_0,29,0,23
116,PwP_1,30,0,23
117,PwP_2,30,0,23
118,CBT_0,25,0,23
119,Couns_0,25,0,23
120,PwP_0,29,0,24
121,PwP_1,30,0,24
122,PwP_2,30,0,24
123,CBT_0,25,0,24
124,Couns_0,25,0,24
125,PwP_0,29,0,25
126,PwP_1,30,0,25
127,PwP_2,30,0,25
128,CBT_0,25,0,25
129,Couns_0,25,0,25
130,PwP_0,29,0,26
131,PwP_1,30,0,26
132,PwP_2,30,0,26
133,CBT_0,25,0,26
134,Couns_0,25,0,26
135,PwP_0,29,0,27
136,PwP_1,30,0,27
137,PwP_2,30,0,27
138,CBT_0,25,0,27
139,Couns_0,25,0,27
140,PwP_0,30,0,28
141,PwP_1,30,0,28
142,PwP_2,30,0,28
143,CBT_0,25,0,28
144,Couns_0,25,0,28
145,PwP_0,30,0,29
146,PwP_1,30,0,29
147,PwP_2,30,0,29
148,CBT_0,25,0,29
149,Couns_0,25,0,29
150,PwP_0,30,0,30
151,PwP_1,30,0,30
152,PwP_2,30,0,30
153,CBT_0,25,0,30
154,Couns_0,25,0,30
155,PwP_0,30,0,31
156,PwP_1,30,0,31
157,PwP_2,30,0,31
158,CBT_0,25,0,31
159,Couns_0,25,0,31
160,PwP_0,30,0,32
161,PwP_1,30,0,32
162,PwP_2,30,0,32
163,CBT_0,25,0,32
164,Couns_0,25,0,32
165,PwP_0,30,0,33
166,PwP_1,30,0,33
167,PwP_2,30,0,33
168,CBT_0,25,0,33
169,Couns_0,25,0,33
170,PwP_0,30,0,34
171,PwP_1,30,0,34
172,PwP_2,30,0,34
173,CBT_0,25,0,34
174,Couns_0,25,0,34
175,PwP_0,30,0,35
176,PwP_1,30,0,35
177,PwP_2,30,0,35
178,CBT_0,25,0,35
179,Couns_0,25,0,35
180,PwP_0,30,0,36
181,PwP_1,30,0,36
182,PwP_2,30,0,36
183,CBT_0,25,0,36
184,Couns_0,25,0,36
185,PwP_0,30,0,37
186,PwP_1,30,0,37
187,PwP_2,30,0,37
188,CBT_0,25,0,37
189,Couns_0,25,0,37
190,PwP_0,30,0,38
191,PwP_1,30,0,38
192,PwP_2,30,0,38
193,CBT_0,25,0,38
194,Couns_0,25,0,38
195,PwP_0,30,0,39
196,PwP_1,30,0,39
197,PwP_2,30,0,39
198,CBT_0,25,0,39
199,Couns_0,25,0,39
200,PwP_0,30,0,40
201,PwP_1,30,0,40
202,PwP_2,30,0,40
203,CBT_0,25,0,40
204,Couns_0,25,0,40
205,PwP_0,30,0,41
206,PwP_1,30,0,41
207,PwP_2,30,0,41
208,CBT_0,25,0,41
209,Couns_0,25,0,41
210,PwP_0,30,0,42
211,PwP_1,30,0,42
212,PwP_2,30,0,42
213,CBT_0,25,0,42
214,Couns_0,25,0,42
215,PwP_0,30,0,43
216,PwP_1,30,0,43
217,PwP_2,30,0,43
218,CBT_0,25,0,43
219,Couns_0,25,0,43
220,PwP_0,30,0,44
221,PwP_1,30,0,44
222,PwP_2,30,0,44
223,CBT_0,25,0,44
224,Couns_0,25,0,44
225,PwP_0,30,0,45
226,PwP_1,30,0,45
227,PwP_2,30,0,45
228,CBT_0,25,0,45
229,Couns_0,25,0,45
230,PwP_0,30,0,46
231,PwP_1,30,0,46
232,PwP_2,30,0,46
233,CBT_0,25,0,46
234,Couns_0,25,0,46
235,PwP_0,30,0,47
236,PwP_1,30,0,47
237,PwP_2,30,0,47
238,CBT_0,25,0,47
239,Couns_0,25,0,47
240,PwP_0,30,0,48
241,PwP_1,30,0,48
242,PwP_2,30,0,48
243,CBT_0,25,0,48
244,Couns_0,25,0,48
245,PwP_0,30,0,49
246,PwP_1,30,0,49
247,PwP_2,30,0,49
248,CBT_0,25,0,49
249,Couns_0,25,0,49
250,PwP_0,30,0,50
251,PwP_1,30,0,50
252,PwP_2,30,0,50
253,CBT_0,25,0,50
254,Couns_0,25,0,50
255,PwP_0,30,0,51
256,PwP_1,30,0,51
257,PwP_2,30,0,51
258,CBT_0,25,0,51
259,Couns_0,25,0,51
260,PwP_0,30,1,0
261,PwP_1,30,1,0
262,PwP_2,30,1,0
263,CBT_0,25,1,0
264,Couns_0,25,1,0
265,PwP_0,30,1,1
266,PwP_1,30,1,1
267,PwP_2,30,1,1
268,CBT_0,25,1,1
269,Couns_0,25,1,1
270,PwP_0,30,1,2
271,PwP_1,30,1,2
272,PwP_2,30,1,2
273,CBT_0,25,1,2
274,Couns_0,25,1,2
275,PwP_0,30,1,3
276,PwP_1,30,1,3
277,PwP_2,30,1,3
278,CBT_0,25,1,3
279,Couns_0,25,1,3
280,PwP_0,30,1,4
281,PwP_1,30,1,4
282,PwP_2,30,1,4
283,CBT_0,25,1,4
284,Couns_0,25,1,4
285,PwP_0,30,1,5
286,PwP_1,30,1,5
287,PwP_2,30,1,5
288,CBT_0,25,1,5
289,Couns_0,24,1,5
290,PwP_0,30,1,6
291,PwP_1,30,1,6
292,PwP_2,30,1,6
293,CBT_0,25,1,6
294,Couns_0,24,1,6
295,PwP_0,29,1,7
296,PwP_1,30,1,7
297,PwP_2,30,1,7
298,CBT_0,25,1,7
299,Couns_0,24,1,7
300,PwP_0,29,1,8
301,PwP_1,30,1,8
302,PwP_2,30,1,8
303,CBT_0,25,1,8
304,Couns_0,24,1,8
305,PwP_0,29,1,9
306,PwP_1,30,1,9
307,PwP_2,30,1,9
308,CBT_0,25,1,9
309,Couns_0,24,1,9
310,PwP_0,29,1,10
311,PwP_1,30,1,10
312,PwP_2,30,1,10
313,CBT_0,25,1,10
314,Couns_0,24,1,10
315,PwP_0,29,1,11
316,PwP_1,30,1,11
317,PwP_2,30,1,11
318,CBT_0,25,1,11
319,Couns_0,24,1,11
320,PwP_0,29,1,12
321,PwP_1,30,1,12
322,PwP_2,30,1,12
323,CBT_0,25,1,12
324,Couns_0,24,1,12
325,PwP_0,29,1,13
326,PwP_1,30,1,13
327,PwP_2,30,1,13
328,CBT_0,25,1,13
329,Couns_0,24,1,13
330,PwP_0,29,1,14
331,PwP_1,30,1,14
332,PwP_2,30,1,14
333,CBT_0,25,1,14
334,Couns_0,23,1,14
335,PwP_0,29,1,15
336,PwP_1,30,1,15
337,PwP_2,30,1,15
338,CBT_0,24,1,15
339,Couns_0,23,1,15
340,PwP_0,29,1,16
341,PwP_1,30,1,16
342,PwP_2,30,1,16
343,CBT_0,24,1,16
344,Couns_0,23,1,16
345,PwP_0,29,1,17
346,PwP_1,30,1,17
347,PwP_2,30,1,17
348,CBT_0,24,1,17
349,Couns_0,24,1,17
350,PwP_0,29,1,18
351,PwP_1,30,1,18
352,PwP_2,30,1,18
353,CBT_0,24,1,18
354,Couns_0,24,1,18
355,PwP_0,29,1,19
356,PwP_1,30,1,19
357,PwP_2,30,1,19
358,CBT_0,24,1,19
359,Couns_0,24,1,19
360,PwP_0,29,1,20
361,PwP_1,30,1,20
362,PwP_2,30,1,20
363,CBT_0,24,1,20
364,Couns_0,24,1,20
365,PwP_0,29,1,21
366,PwP_1,30,1,21
367,PwP_2,30,1,21
368,CBT_0,24,1,21
369,Couns_0,24,1,21
370,PwP_0,29,1,22
371,PwP_1,30,1,22
372,PwP_2,30,1,22
373,CBT_0,24,1,22
374,Couns_0,24,1,22
375,PwP_0,29,1,23
376,PwP_1,30,1,23
377,PwP_2,30,1,23
378,CBT_0,24,1,23
379,Couns_0,24,1,23
380,PwP_0,29,1,24
381,PwP_1,30,1,24
382,PwP_2,30,1,24
383,CBT_0,24,1,24
384,Couns_0,24,1,24
385,PwP_0,29,1,25
386,PwP_1,30,1,25
387,PwP_2,30,1,25
388,CBT_0,24,1,25
389,Couns_0,24,1,25
390,PwP_0,29,1,26
391,PwP_1,30,1,26
392,PwP_2,30,1,26
393,CBT_0,24,1,26
394,Couns_0,24,1,26
395,PwP_0,29,1,27
396,PwP_1,30,1,27
397,PwP_2,30,1,27
398,CBT_0,24,1,27
399,Couns_0,24,1,27
400,PwP_0,30,1,28
401,PwP_1,30,1,28
402,PwP_2,30,1,28
403,CBT_0,24,1,28
404,Couns_0,24,1,28
405,PwP_0,30,1,29
406,PwP_1,30,1,29
407,PwP_2,30,1,29
408,CBT_0,24,1,29
409,Couns_0,24,1,29
410,PwP_0,30,1,30
411,PwP_1,30,1,30
412,PwP_2,30,1,30
413,CBT_0,24,1,30
414,Couns_0,24,1,30
415,PwP_0,30,1,31
416,PwP_1,30,1,31
417,PwP_2,30,1,31
418,CBT_0,24,1,31
419,Couns_0,24,1,31
420,PwP_0,30,1,32
421,PwP_1,30,1,32
422,PwP_2,30,1,32
423,CBT_0,24,1,32
424,Couns_0,24,1,32
425,PwP_0,29,1,33
426,PwP_1,30,1,33
427,PwP_2,30,1,33
428,CBT_0,23,1,33
429,Couns_0,24,1,33
430,PwP_0,29,1,34
431,PwP_1,30,1,34
432,PwP_2,30,1,34
433,CBT_0,23,1,34
434,Couns_0,24,1,34
435,PwP_0,28,1,35
436,PwP_1,30,1,35
437,PwP_2,30,1,35
438,CBT_0,23,1,35
439,Couns_0,24,1,35
440,PwP_0,27,1,36
441,PwP_1,30,1,36
442,PwP_2,30,1,36
443,CBT_0,23,1,36
444,Couns_0,23,1,36
445,PwP_0,27,1,37
446,PwP_1,30,1,37
447,PwP_2,30,1,37
448,CBT_0,23,1,37
449,Couns_0,23,1,37
450,PwP_0,27,1,38
451,PwP_1,30,1,38
452,PwP_2,30,1,38
453,CBT_0,23,1,38
454,Couns_0,23,1,38
455,PwP_0,27,1,39
456,PwP_1,30,1,39
457,PwP_2,30,1,39
458,CBT_0,23,1,39
459,Couns_0,23,1,39
460,PwP_0,27,1,40
461,PwP_1,30,1,40
462,PwP_2,30,1,40
463,CBT_0,23,1,40
464,Couns_0,23,1,40
465,PwP_0,27,1,41
466,PwP_1,30,1,41
467,PwP_2,30,1,41
468,CBT_0,23,1,41
469,Couns_0,23,1,41
470,PwP_0,27,1,42
471,PwP_1,30,1,42
472,PwP_2,30,1,42
473,CBT_0,23,1,42
474,Couns_0,23,1,42
475,PwP_0,27,1,43
476,PwP_1,30,1,43
477,PwP_2,30,1,43
478,CBT_0,24,1,43
479,Couns_0,23,1,43
480,PwP_0,27,1,44
481,PwP_1,30,1,44
482,PwP_2,30,1,44
483,CBT_0,24,1,44
484,Couns_0,23,1,44
485,PwP_0,26,1,45
486,PwP_1,30,1,45
487,PwP_2,30,1,45
488,CBT_0,23,1,45
489,Couns_0,23,1,45
490,PwP_0,26,1,46
491,PwP_1,30,1,46
492,PwP_2,30,1,46
493,CBT_0,23,1,46
494,Couns_0,23,1,46
495,PwP_0,26,1,47
496,PwP_1,30,1,47
497,PwP_2,30,1,47
498,CBT_0,23,1,47
499,Couns_0,23,1,47
500,PwP_0,26,1,48
501,PwP_1,30,1,48
502,PwP_2,30,1,48
503,CBT_0,23,1,48
504,Couns_0,23,1,48
505,PwP_0,26,1,49
506,PwP_1,30,1,49
507,PwP_2,30,1,49
508,CBT_0,23,1,49
509,Couns_0,23,1,49
510,PwP_0,26,1,50
511,PwP_1,30,1,50
512,PwP_2,30,1,50
513,CBT_0,23,1,50
514,Couns_0,23,1,50
515,PwP_0,26,1,51
516,PwP_1,30,1,51
517,PwP_2,30,1,51
518,CBT_0,23,1,51
519,Couns_0,23,1,51
520,PwP_0,30,2,0
521,PwP_1,30,2,0
522,PwP_2,30,2,0
523,CBT_0,25,2,0
524,Couns_0,25,2,0
525,PwP_0,30,2,1
526,PwP_1,30,2,1
527,PwP_2,30,2,1
528,CBT_0,25,2,1
529,Couns_0,25,2,1
530,PwP_0,30,2,2
531,PwP_1,30,2,2
532,PwP_2,30,2,2
533,CBT_0,25,2,2
534,Couns_0,25,2,2
535,PwP_0,30,2,3
536,PwP_1,30,2,3
537,PwP_2,30,2,3
538,CBT_0,25,2,3
539,Couns_0,24,2,3
540,PwP_0,30,2,4
541,PwP_1,30,2,4
542,PwP_2,30,2,4
543,CBT_0,25,2,4
544,Couns_0,24,2,4
545,PwP_0,30,2,5
546,PwP_1,30,2,5
547,PwP_2,30,2,5
548,CBT_0,25,2,5
549,Couns_0,24,2,5
550,PwP_0,30,2,6
551,PwP_1,30,2,6
552,PwP_2,30,2,6
553,CBT_0,25,2,6
554,Couns_0,24,2,6
555,PwP_0,30,2,7
556,PwP_1,30,2,7
557,PwP_2,30,2,7
558,CBT_0,25,2,7
559,Couns_0,24,2,7
560,PwP_0,30,2,8
561,PwP_1,30,2,8
562,PwP_2,30,2,8
563,CBT_0,25,2,8
564,Couns_0,24,2,8
565,PwP_0,30,2,9
566,PwP_1,30,2,9
567,PwP_2,30,2,9
568,CBT_0,25,2,9
569,Couns_0,24,2,9
570,PwP_0,30,2,10
571,PwP_1,30,2,10
572,PwP_2,30,2,10
573,CBT_0,25,2,10
574,Couns_0,24,2,10
575,PwP_0,30,2,11
576,PwP_1,30,2,11
577,PwP_2,30,2,11
578,CBT_0,25,2,11
579,Couns_0,24,2,11
580,PwP_0,30,2,12
581,PwP_1,30,2,12
582,PwP_2,30,2,12
583,CBT_0,25,2,12
584,Couns_0,24,2,12
585,PwP_0,30,2,13
586,PwP_1,30,2,13
587,PwP_2,30,2,13
588,CBT_0,25,2,13
589,Couns_0,24,2,13
590,PwP_0,30,2,14
591,PwP_1,30,2,14
592,PwP_2,30,2,14
593,CBT_0,25,2,14
594,Couns_0,24,2,14
595,PwP_0,30,2,15
596,PwP_1,30,2,15
597,PwP_2,30,2,15
598,CBT_0,25,2,15
599,Couns_0,23,2,15
600,PwP_0,29,2,16
601,PwP_1,30,2,16
602,PwP_2,30,2,16
603,CBT_0,25,2,16
604,Couns_0,23,2,16
605,PwP_0,29,2,17
606,PwP_1,30,2,17
607,PwP_2,30,2,17
608,CBT_0,25,2,17
609,Couns_0,23,2,17
610,PwP_0,29,2,18
611,PwP_1,30,2,18
612,PwP_2,30,2,18
613,CBT_0,25,2,18
614,Couns_0,23,2,18
615,PwP_0,29,2,19
616,PwP_1,30,2,19
617,PwP_2,30,2,19
618,CBT_0,25,2,19
619,Couns_0,23,2,19
620,PwP_0,29,2,20
621,PwP_1,30,2,20
622,PwP_2,30,2,20
623,CBT_0,25,2,20
624,Couns_0,24,2,20
625,PwP_0,29,2,21
626,PwP_1,30,2,21
627,PwP_2,30,2,21
628,CBT_0,25,2,21
629,Couns_0,24,2,21
630,PwP_0,29,2,22
631,PwP_1,30,2,22
632,PwP_2,30,2,22
633,CBT_0,25,2,22
634,Couns_0,24,2,22
635,PwP_0,29,2,23
636,PwP_1,30,2,23
637,PwP_2,30,2,23
638,CBT_0,25,2,23
639,Couns_0,24,2,23
640,PwP_0,29,2,24
641,PwP_1,30,2,24
642,PwP_2,30,2,24
643,CBT_0,25,2,24
644,Couns_0,24,2,24
645,PwP_0,29,2,25
646,PwP_1,30,2,25
647,PwP_2,30,2,25
648,CBT_0,25,2,25
649,Couns_0,24,2,25
650,PwP_0,29,2,26
651,PwP_1,30,2,26
652,PwP_2,30,2,26
653,CBT_0,25,2,26
654,Couns_0,24,2,26
655,PwP_0,29,2,27
656,PwP_1,30,2,27
657,PwP_2,30,2,27
658,CBT_0,25,2,27
659,Couns_0,24,2,27
660,PwP_0,29,2,28
661,PwP_1,30,2,28
662,PwP_2,30,2,28
663,CBT_0,25,2,28
664,Couns_0,24,2,28
665,PwP_0,29,2,29
666,PwP_1,30,2,29
667,PwP_2,30,2,29
668,CBT_0,25,2,29
669,Couns_0,24,2,29
670,PwP_0,29,2,30
671,PwP_1,30,2,30
672,PwP_2,30,2,30
673,CBT_0,25,2,30
674,Couns_0,24,2,30
675,PwP_0,29,2,31
676,PwP_1,30,2,31
677,PwP_2,30,2,31
678,CBT_0,25,2,31
679,Couns_0,24,2,31
680,PwP_0,29,2,32
681,PwP_1,30,2,32
682,PwP_2,30,2,32
683,CBT_0,25,2,32
684,Couns_0,24,2,32
685,PwP_0,29,2,33
686,PwP_1,30,2,33
687,PwP_2,30,2,33
688,CBT_0,25,2,33
689,Couns_0,24,2,33
690,PwP_0,29,2,34
691,PwP_1,30,2,34
692,PwP_2,30,2,34
693,CBT_0,25,2,34
694,Couns_0,24,2,34
695,PwP_0,29,2,35
696,PwP_1,30,2,35
697,PwP_2,30,2,35
698,CBT_0,25,2,35
699,Couns_0,24,2,35
700,PwP_0,29,2,36
701,PwP_1,30,2,36
702,PwP_2,30,2,36
703,CBT_0,25,2,36
704,Couns_0,23,2,36
705,PwP_0,29,2,37
706,PwP_1,30,2,37
707,PwP_2,30,2,37
708,CBT_0,25,2,37
709,Couns_0,23,2,37
710,PwP_0,29,2,38
711,PwP_1,30,2,38
712,PwP_2,30,2,38
713,CBT_0,25,2,38
714,Couns_0,23,2,38
715,PwP_0,29,2,39
716,PwP_1,30,2,39
717,PwP_2,30,2,39
718,CBT_0,25,2,39
719,Couns_0,23,2,39
720,PwP_0,29,2,40
721,PwP_1,30,2,40
722,PwP_2,30,2,40
723,CBT_0,25,2,40
724,Couns_0,23,2,40
725,PwP_0,29,2,41
726,PwP_1,30,2,41
727,PwP_2,30,2,41
728,CBT_0,25,2,41
729,Couns_0,24,2,41
730,PwP_0,29,2,42
731,PwP_1,30,2,42
732,PwP_2,30,2,42
733,CBT_0,25,2,42
734,Couns_0,24,2,42
735,PwP_0,29,2,43
736,PwP_1,30,2,43
737,PwP_2,30,2,43
738,CBT_0,25,2,43
739,Couns_0,24,2,43
740,PwP_0,29,2,44
741,PwP_1,30,2,44
742,PwP_2,30,2,44
743,CBT_0,25,2,44
744,Couns_0,24,2,44
745,PwP_0,29,2,45
746,PwP_1,30,2,45
747,PwP_2,30,2,45
748,CBT_0,25,2,45
749,Couns_0,24,2,45
750,PwP_0,30,2,46
751,PwP_1,30,2,46
752,PwP_2,30,2,46
753,CBT_0,25,2,46
754,Couns_0,24,2,46
755,PwP_0,30,2,47
756,PwP_1,30,2,47
757,PwP_2,30,2,47
758,CBT_0,25,2,47
759,Couns_0,24,2,47
760,PwP_0,30,2,48
761,PwP_1,30,2,48
762,PwP_2,30,2,48
763,CBT_0,25,2,48
764,Couns_0,24,2,48
765,PwP_0,30,2,49
766,PwP_1,30,2,49
767,PwP_2,30,2,49
768,CBT_0,25,2,49
769,Couns_0,24,2,49
770,PwP_0,30,2,50
771,PwP_1,30,2,50
772,PwP_2,30,2,50
773,CBT_0,25,2,50
774,Couns_0,24,2,50
775,PwP_0,30,2,51
776,PwP_1,30,2,51
777,PwP_2,30,2,51
778,CBT_0,25,2,51
779,Couns_0,24,2,51
780,PwP_0,30,3,0
781,PwP_1,30,3,0
782,PwP_2,30,3,0
783,CBT_0,25,3,0
784,Couns_0,25,3,0
785,PwP_0,30,3,1
786,PwP_1,30,3,1
787,PwP_2,30,3,1
788,CBT_0,25,3,1
789,Couns_0,25,3,1
790,PwP_0,30,3,2
791,PwP_1,30,3,2
792,PwP_2,30,3,2
793,CBT_0,25,3,2
794,Couns_0,25,3,2
795,PwP_0,30,3,3
796,PwP_1,30,3,3
797,PwP_2,30,3,3
798,CBT_0,25,3,3
799,Couns_0,25,3,3
800,PwP_0,30,3,4
801,PwP_1,30,3,4
802,PwP_2,30,3,4
803,CBT_0,25,3,4
804,Couns_0,25,3,4
805,PwP_0,30,3,5
806,PwP_1,30,3,5
807,PwP_2,30,3,5
808,CBT_0,25,3,5
809,Couns_0,25,3,5
810,PwP_0,30,3,6
811,PwP_1,30,3,6
812,PwP_2,30,3,6
813,CBT_0,24,3,6
814,Couns_0,25,3,6
815,PwP_0,30,3,7
816,PwP_1,30,3,7
817,PwP_2,30,3,7
818,CBT_0,24,3,7
819,Couns_0,25,3,7
820,PwP_0,30,3,8
821,PwP_1,30,3,8
822,PwP_2,30,3,8
823,CBT_0,24,3,8
824,Couns_0,25,3,8
825,PwP_0,30,3,9
826,PwP_1,30,3,9
827,PwP_2,30,3,9
828,CBT_0,24,3,9
829,Couns_0,25,3,9
830,PwP_0,30,3,10
831,PwP_1,30,3,10
832,PwP_2,30,3,10
833,CBT_0,24,3,10
834,Couns_0,25,3,10
835,PwP_0,30,3,11
836,PwP_1,30,3,11
837,PwP_2,30,3,11
838,CBT_0,24,3,11
839,Couns_0,25,3,11
840,PwP_0,30,3,12
841,PwP_1,30,3,12
842,PwP_2,30,3,12
843,CBT_0,24,3,12
844,Couns_0,25,3,12
845,PwP_0,30,3,13
846,PwP_1,30,3,13
847,PwP_2,30,3,13
848,CBT_0,24,3,13
849,Couns_0,25,3,13
850,PwP_0,30,3,14
851,PwP_1,30,3,14
852,PwP_2,30,3,14
853,CBT_0,24,3,14
854,Couns_0,25,3,14
855,PwP_0,30,3,15
856,PwP_1,30,3,15
857,PwP_2,30,3,15
858,CBT_0,24,3,15
859,Couns_0,25,3,15
860,PwP_0,30,3,16
861,PwP_1,30,3,16
862,PwP_2,30,3,16
863,CBT_0,24,3,16
864,Couns_0,25,3,16
865,PwP_0,30,3,17
866,PwP_1,30,3,17
867,PwP_2,30,3,17
868,CBT_0,24,3,17
869,Couns_0,25,3,17
870,PwP_0,30,3,18
871,PwP_1,30,3,18
872,PwP_2,30,3,18
873,CBT_0,24,3,18
874,Couns_0,25,3,18
875,PwP_0,30,3,19
876,PwP_1,30,3,19
877,PwP_2,30,3,19
878,CBT_0,24,3,19
879,Couns_0,25,3,19
880,PwP_0,30,3,20
881,PwP_1,30,3,20
882,PwP_2,30,3,20
883,CBT_0,24,3,20
884,Couns_0,25,3,20
885,PwP_0,30,3,21
886,PwP_1,30,3,21
887,PwP_2,30,3,21
888,CBT_0,24,3,21
889,Couns_0,25,3,21
890,PwP_0,30,3,22
891,PwP_1,30,3,22
892,PwP_2,30,3,22
893,CBT_0,24,3,22
894,Couns_0,25,3,22
895,PwP_0,30,3,23
896,PwP_1,30,3,23
897,PwP_2,30,3,23
898,CBT_0,24,3,23
899,Couns_0,25,3,23
900,PwP_0,30,3,24
901,PwP_1,30,3,24
902,PwP_2,30,3,24
903,CBT_0,24,3,24
904,Couns_0,25,3,24
905,PwP_0,30,3,25
906,PwP_1,30,3,25
907,PwP_2,30,3,25
908,CBT_0,25,3,25
909,Couns_0,25,3,25
910,PwP_0,30,3,26
911,PwP_1,30,3,26
912,PwP_2,30,3,26
913,CBT_0,25,3,26
914,Couns_0,25,3,26
915,PwP_0,30,3,27
916,PwP_1,30,3,27
917,PwP_2,30,3,27
918,CBT_0,25,3,27
919,Couns_0,25,3,27
920,PwP_0,30,3,28
921,PwP_1,30,3,28
922,PwP_2,30,3,28
923,CBT_0,25,3,28
924,Couns_0,25,3,28
925,PwP_0,30,3,29
926,PwP_1,30,3,29
927,PwP_2,30,3,29
928,CBT_0,25,3,29
929,Couns_0,25,3,29
930,PwP_0,30,3,30
931,PwP_1,30,3,30
932,PwP_2,30,3,30
933,CBT_0,25,3,30
934,Couns_0,25,3,30
935,PwP_0,30,3,31
936,PwP_1,30,3,31
937,PwP_2,30,3,31
938,CBT_0,25,3,31
939,Couns_0,25,3,31
940,PwP_0,30,3,32
941,PwP_1,30,3,32
942,PwP_2,30,3,32
943,CBT_0,25,3,32
944,Couns_0,25,3,32
945,PwP_0,30,3,33
946,PwP_1,30,3,33
947,PwP_2,30,3,33
948,CBT_0,25,3,33
949,Couns_0,25,3,33
950,PwP_0,30,3,34
951,PwP_1,30,3,34
952,PwP_2,30,3,34
953,CBT_0,25,3,34
954,Couns_0,25,3,34
955,PwP_0,30,3,35
956,PwP_1,30,3,35
957,PwP_2,30,3,35
958,CBT_0,25,3,35
959,Couns_0,24,3,35
960,PwP_0,30,3,36
961,PwP_1,30,3,36
962,PwP_2,30,3,36
963,CBT_0,24,3,36
964,Couns_0,24,3,36
965,PwP_0,30,3,37
966,PwP_1,30,3,37
967,PwP_2,30,3,37
968,CBT_0,23,3,37
969,Couns_0,24,3,37
970,PwP_0,30,3,38
971,PwP_1,30,3,38
972,PwP_2,30,3,38
973,CBT_0,23,3,38
974,Couns_0,24,3,38
975,PwP_0,30,3,39
976,PwP_1,30,3,39
977,PwP_2,30,3,39
978,CBT_0,23,3,39
979,Couns_0,24,3,39
980,PwP_0,30,3,40
981,PwP_1,30,3,40
982,PwP_2,30,3,40
983,CBT_0,23,3,40
984,Couns_0,24,3,40
985,PwP_0,30,3,41
986,PwP_1,30,3,41
987,PwP_2,30,3,41
988,CBT_0,22,3,41
989,Couns_0,24,3,41
990,PwP_0,30,3,42
991,PwP_1,30,3,42
992,PwP_2,30,3,42
993,CBT_0,22,3,42
994,Couns_0,24,3,42
995,PwP_0,30,3,43
996,PwP_1,30,3,43
997,PwP_2,30,3,43
998,CBT_0,22,3,43
999,Couns_0,24,3,43
1000,PwP_0,30,3,44
1001,PwP_1,30,3,44
1002,PwP_2,30,3,44
1003,CBT_0,22,3,44
1004,Couns_0,24,3,44
1005,PwP_0,30,3,45
1006,PwP_1,30,3,45
1007,PwP_2,30,3,45
1008,CBT_0,22,3,45
1009,Couns_0,24,3,45
1010,PwP_0,30,3,46
1011,PwP_1,30,3,46
1012,PwP_2,30,3,46
1013,CBT_0,22,3,46
1014,Couns_0,24,3,46
1015,PwP_0,30,3,47
1016,PwP_1,30,3,47
1017,PwP_2,30,3,47
1018,CBT_0,22,3,47
1019,Couns_0,24,3,47
1020,PwP_0,30,3,48
1021,PwP_1,30,3,48
1022,PwP_2,30,3,48
1023,CBT_0,22,3,48
1024,Couns_0,24,3,48
1025,PwP_0,30,3,49
1026,PwP_1,30,3,49
1027,PwP_2,30,3,49
1028,CBT_0,22,3,49
1029,Couns_0,24,3,49
1030,PwP_0,30,3,50
1031,PwP_1,30,3,50
1032,PwP_2,30,3,50
1033,CBT_0,22,3,50
1034,Couns_0,24,3,50
1035,PwP_0,30,3,51
1036,PwP_1,30,3,51
1037,PwP_2,30,3,51
1038,CBT_0,22,3,51
1039,Couns_0,24,3,51
1040,PwP_0,30,4,0
1041,PwP_1,30,4,0
1042,PwP_2,30,4,0
1043,CBT_0,25,4,0
1044,Couns_0,25,4,0
1045,PwP_0,29,4,1
1046,PwP_1,30,4,1
1047,PwP_2,30,4,1
1048,CBT_0,25,4,1
1049,Couns_0,24,4,1
1050,PwP_0,29,4,2
1051,PwP_1,30,4,2
1052,PwP_2,30,4,2
1053,CBT_0,25,4,2
1054,Couns_0,24,4,2
1055,PwP_0,29,4,3
1056,PwP_1,30,4,3
1057,PwP_2,30,4,3
1058,CBT_0,25,4,3
1059,Couns_0,24,4,3
1060,PwP_0,29,4,4
1061,PwP_1,30,4,4
1062,PwP_2,30,4,4
1063,CBT_0,24,4,4
1064,Couns_0,24,4,4
1065,PwP_0,29,4,5
1066,PwP_1,30,4,5
1067,PwP_2,30,4,5
1068,CBT_0,24,4,5
1069,Couns_0,24,4,5
1070,PwP_0,29,4,6
1071,PwP_1,30,4,6
1072,PwP_2,30,4,6
1073,CBT_0,24,4,6
1074,Couns_0,24,4,6
1075,PwP_0,29,4,7
1076,PwP_1,30,4,7
1077,PwP_2,30,4,7
1078,CBT_0,24,4,7
1079,Couns_0,24,4,7
1080,PwP_0,29,4,8
1081,PwP_1,30,4,8
1082,PwP_2,30,4,8
1083,CBT_0,24,4,8
1084,Couns_0,24,4,8
1085,PwP_0,29,4,9
1086,PwP_1,30,4,9
1087,PwP_2,30,4,9
1088,CBT_0,24,4,9
1089,Couns_0,24,4,9
1090,PwP_0,29,4,10
1091,PwP_1,30,4,10
1092,PwP_2,30,4,10
1093,CBT_0,24,4,10
1094,Couns_0,24,4,10
1095,PwP_0,29,4,11
1096,PwP_1,30,4,11
1097,PwP_2,30,4,11
1098,CBT_0,24,4,11
1099,Couns_0,24,4,11
1100,PwP_0,29,4,12
1101,PwP_1,30,4,12
1102,PwP_2,30,4,12
1103,CBT_0,24,4,12
1104,Couns_0,24,4,12
1105,PwP_0,29,4,13
1106,PwP_1,30,4,13
1107,PwP_2,30,4,13
1108,CBT_0,24,4,13
1109,Couns_0,24,4,13
1110,PwP_0,29,4,14
1111,PwP_1,30,4,14
1112,PwP_2,30,4,14
1113,CBT_0,24,4,14
1114,Couns_0,25,4,14
1115,PwP_0,29,4,15
1116,PwP_1,30,4,15
1117,PwP_2,30,4,15
1118,CBT_0,24,4,15
1119,Couns_0,25,4,15
1120,PwP_0,29,4,16
1121,PwP_1,30,4,16
1122,PwP_2,30,4,16
1123,CBT_0,24,4,16
1124,Couns_0,25,4,16
1125,PwP_0,29,4,17
1126,PwP_1,30,4,17
1127,PwP_2,30,4,17
1128,CBT_0,24,4,17
1129,Couns_0,25,4,17
1130,PwP_0,29,4,18
1131,PwP_1,30,4,18
1132,PwP_2,30,4,18
1133,CBT_0,24,4,18
1134,Couns_0,25,4,18
1135,PwP_0,29,4,19
1136,PwP_1,30,4,19
1137,PwP_2,30,4,19
1138,CBT_0,24,4,19
1139,Couns_0,25,4,19
1140,PwP_0,29,4,20
1141,PwP_1,30,4,20
1142,PwP_2,30,4,20
1143,CBT_0,24,4,20
1144,Couns_0,25,4,20
1145,PwP_0,29,4,21
1146,PwP_1,30,4,21
1147,PwP_2,30,4,21
1148,CBT_0,25,4,21
1149,Couns_0,25,4,21
1150,PwP_0,29,4,22
1151,PwP_1,30,4,22
1152,PwP_2,30,4,22
1153,CBT_0,25,4,22
1154,Couns_0,25,4,22
1155,PwP_0,29,4,23
1156,PwP_1,30,4,23
1157,PwP_2,30,4,23
1158,CBT_0,25,4,23
1159,Couns_0,25,4,23
1160,PwP_0,29,4,24
1161,PwP_1,30,4,24
1162,PwP_2,30,4,24
1163,CBT_0,25,4,24
1164,Couns_0,25,4,24
1165,PwP_0,29,4,25
1166,PwP_1,30,4,25
1167,PwP_2,30,4,25
1168,CBT_0,25,4,25
1169,Couns_0,25,4,25
1170,PwP_0,29,4,26
1171,PwP_1,30,4,26
1172,PwP_2,30,4,26
1173,CBT_0,25,4,26
1174,Couns_0,25,4,26
1175,PwP_0,29,4,27
1176,PwP_1,30,4,27
1177,PwP_2,30,4,27
1178,CBT_0,25,4,27
1179,Couns_0,25,4,27
1180,PwP_0,29,4,28
1181,PwP_1,30,4,28
1182,PwP_2,30,4,28
1183,CBT_0,25,4,28
1184,Couns_0,25,4,28
1185,PwP_0,29,4,29
1186,PwP_1,30,4,29
1187,PwP_2,30,4,29
1188,CBT_0,25,4,29
1189,Couns_0,25,4,29
1190,PwP_0,29,4,30
1191,PwP_1,30,4,30
1192,PwP_2,30,4,30
1193,CBT_0,25,4,30
1194,Couns_0,25,4,30
1195,PwP_0,29,4,31
1196,PwP_1,30,4,31
1197,PwP_2,30,4,31
1198,CBT_0,25,4,31
1199,Couns_0,25,4,31
1200,PwP_0,28,4,32
1201,PwP_1,30,4,32
1202,PwP_2,30,4,32
1203,CBT_0,24,4,32
1204,Couns_0,25,4,32
1205,PwP_0,28,4,33
1206,PwP_1,30,4,33
1207,PwP_2,30,4,33
1208,CBT_0,24,4,33
1209,Couns_0,25,4,33
1210,PwP_0,28,4,34
1211,PwP_1,30,4,34
1212,PwP_2,30,4,34
1213,CBT_0,24,4,34
1214,Couns_0,25,4,34
1215,PwP_0,28,4,35
1216,PwP_1,30,4,35
1217,PwP_2,30,4,35
1218,CBT_0,24,4,35
1219,Couns_0,25,4,35
1220,PwP_0,28,4,36
1221,PwP_1,30,4,36
1222,PwP_2,30,4,36
1223,CBT_0,24,4,36
1224,Couns_0,25,4,36
1225,PwP_0,28,4,37
1226,PwP_1,30,4,37
1227,PwP_2,30,4,37
1228,CBT_0,24,4,37
1229,Couns_0,25,4,37
1230,PwP_0,29,4,38
1231,PwP_1,30,4,38
1232,PwP_2,30,4,38
1233,CBT_0,24,4,38
1234,Couns_0,25,4,38
1235,PwP_0,29,4,39
1236,PwP_1,30,4,39
1237,PwP_2,30,4,39
1238,CBT_0,24,4,39
1239,Couns_0,25,4,39
1240,PwP_0,29,4,40
1241,PwP_1,30,4,40
1242,PwP_2,30,4,40
1243,CBT_0,24,4,40
1244,Couns_0,25,4,40
1245,PwP_0,29,4,41
1246,PwP_1,30,4,41
1247,PwP_2,30,4,41
1248,CBT_0,24,4,41
1249,Couns_0,25,4,41
1250,PwP_0,29,4,42
1251,PwP_1,30,4,42
1252,PwP_2,30,4,42
1253,CBT_0,24,4,42
1254,Couns_0,25,4,42
1255,PwP_0,29,4,43
1256,PwP_1,30,4,43
1257,PwP_2,30,4,43
1258,CBT_0,24,4,43
1259,Couns_0,25,4,43
1260,PwP_0,29,4,44
1261,PwP_1,30,4,44
1262,PwP_2,30,4,44
1263,CBT_0,24,4,44
1264,Couns_0,25,4,44
1265,PwP_0,29,4,45
1266,PwP_1,30,4,45
1267,PwP_2,30,4,45
1268,CBT_0,24,4,45
1269,Couns_0,25,4,45
1270,PwP_0,29,4,46
1271,PwP_1,30,4,46
1272,PwP_2,30,4,46
1273,CBT_0,24,4,46
1274,Couns_0,25,4,46
1275,PwP_0,29,4,47
1276,PwP_1,30,4,47
1277,PwP_2,30,4,47
1278,CBT_0,24,4,47
1279,Couns_0,25,4,47
1280,PwP_0,29,4,48
1281,PwP_1,30,4,48
1282,PwP_2,30,4,48
1283,CBT_0,24,4,48
1284,Couns_0,25,4,48
1285,PwP_0,29,4,49
1286,PwP_1,30,4,49
1287,PwP_2,30,4,49
1288,CBT_0,24,4,49
1289,Couns_0,25,4,49
1290,PwP_0,29,4,50
1291,PwP_1,30,4,50
1292,PwP_2,30,4,50
1293,CBT_0,24,4,50
1294,Couns_0,25,4,50
1295,PwP_0,29,4,51
1296,PwP_1,30,4,51
1297,PwP_2,30,4,51
1298,CBT_0,24,4,51
1299,Couns_0,25,4,51
1300,PwP_0,30,5,0
1301,PwP_1,30,5,0
1302,PwP_2,30,5,0
1303,CBT_0,25,5,0
1304,Couns_0,25,5,0
1305,PwP_0,30,5,1
1306,PwP_1,30,5,1
1307,PwP_2,30,5,1
1308,CBT_0,25,5,1
1309,Couns_0,25,5,1
1310,PwP_0,30,5,2
1311,PwP_1,30,5,2
1312,PwP_2,30,5,2
1313,CBT_0,25,5,2
1314,Couns_0,25,5,2
1315,PwP_0,30,5,3
1316,PwP_1,30,5,3
1317,PwP_2,30,5,3
1318,CBT_0,24,5,3
1319,Couns_0,25,5,3
1320,PwP_0,30,5,4
1321,PwP_1,30,5,4
1322,PwP_2,30,5,4
1323,CBT_0,24,5,4
1324,Couns_0,25,5,4
1325,PwP_0,30,5,5
1326,PwP_1,30,5,5
1327,PwP_2,30,5,5
1328,CBT_0,24,5,5
1329,Couns_0,25,5,5
1330,PwP_0,30,5,6
1331,PwP_1,30,5,6
1332,PwP_2,30,5,6
1333,CBT_0,24,5,6
1334,Couns_0,25,5,6
1335,PwP_0,30,5,7
1336,PwP_1,30,5,7
1337,PwP_2,30,5,7
1338,CBT_0,24,5,7
1339,Couns_0,25,5,7
1340,PwP_0,30,5,8
1341,PwP_1,30,5,8
1342,PwP_2,30,5,8
1343,CBT_0,24,5,8
1344,Couns_0,25,5,8
1345,PwP_0,30,5,9
1346,PwP_1,30,5,9
1347,PwP_2,30,5,9
1348,CBT_0,24,5,9
1349,Couns_0,25,5,9
1350,PwP_0,30,5,10
1351,PwP_1,30,5,10
1352,PwP_2,30,5,10
1353,CBT_0,24,5,10
1354,Couns_0,25,5,10
1355,PwP_0,30,5,11
1356,PwP_1,30,5,11
1357,PwP_2,30,5,11
1358,CBT_0,24,5,11
1359,Couns_0,25,5,11
1360,PwP_0,30,5,12
1361,PwP_1,30,5,12
1362,PwP_2,30,5,12
1363,CBT_0,24,5,12
1364,Couns_0,25,5,12
1365,PwP_0,30,5,13
1366,PwP_1,30,5,13
1367,PwP_2,30,5,13
1368,CBT_0,24,5,13
1369,Couns_0,25,5,13
1370,PwP_0,30,5,14
1371,PwP_1,30,5,14
1372,PwP_2,30,5,14
1373,CBT_0,24,5,14
1374,Couns_0,25,5,14
1375,PwP_0,30,5,15
1376,PwP_1,30,5,15
1377,PwP_2,30,5,15
1378,CBT_0,24,5,15
1379,Couns_0,25,5,15
1380,PwP_0,30,5,16
1381,PwP_1,30,5,16
1382,PwP_2,30,5,16
1383,CBT_0,24,5,16
1384,Couns_0,25,5,16
1385,PwP_0,30,5,17
1386,PwP_1,30,5,17
1387,PwP_2,30,5,17
1388,CBT_0,24,5,17
1389,Couns_0,25,5,17
1390,PwP_0,30,5,18
1391,PwP_1,30,5,18
1392,PwP_2,30,5,18
1393,CBT_0,24,5,18
1394,Couns_0,25,5,18
1395,PwP_0,30,5,19
1396,PwP_1,30,5,19
1397,PwP_2,30,5,19
1398,CBT_0,25,5,19
1399,Couns_0,25,5,19
1400,PwP_0,30,5,20
1401,PwP_1,30,5,20
1402,PwP_2,30,5,20
1403,CBT_0,25,5,20
1404,Couns_0,25,5,20
1405,PwP_0,30,5,21
1406,PwP_1,30,5,21
1407,PwP_2,30,5,21
1408,CBT_0,25,5,21
1409,Couns_0,24,5,21
1410,PwP_0,30,5,22
1411,PwP_1,30,5,22
1412,PwP_2,30,5,22
1413,CBT_0,25,5,22
1414,Couns_0,24,5,22
1415,PwP_0,30,5,23
1416,PwP_1,30,5,23
1417,PwP_2,30,5,23
1418,CBT_0,25,5,23
1419,Couns_0,24,5,23
1420,PwP_0,30,5,24
1421,PwP_1,30,5,24
1422,PwP_2,30,5,24
1423,CBT_0,25,5,24
1424,Couns_0,24,5,24
1425,PwP_0,29,5,25
1426,PwP_1,30,5,25
1427,PwP_2,30,5,25
1428,CBT_0,25,5,25
1429,Couns_0,24,5,25
1430,PwP_0,29,5,26
1431,PwP_1,30,5,26
1432,PwP_2,30,5,26
1433,CBT_0,25,5,26
1434,Couns_0,24,5,26
1435,PwP_0,29,5,27
1436,PwP_1,30,5,27
1437,PwP_2,30,5,27
1438,CBT_0,25,5,27
1439,Couns_0,24,5,27
1440,PwP_0,29,5,28
1441,PwP_1,30,5,28
1442,PwP_2,30,5,28
1443,CBT_0,25,5,28
1444,Couns_0,24,5,28
1445,PwP_0,29,5,29
1446,PwP_1,30,5,29
1447,PwP_2,30,5,29
1448,CBT_0,25,5,29
1449,Couns_0,24,5,29
1450,PwP_0,29,5,30
1451,PwP_1,30,5,30
1452,PwP_2,30,5,30
1453,CBT_0,25,5,30
1454,Couns_0,24,5,30
1455,PwP_0,29,5,31
1456,PwP_1,30,5,31
1457,PwP_2,30,5,31
1458,CBT_0,25,5,31
1459,Couns_0,24,5,31
1460,PwP_0,29,5,32
1461,PwP_1,30,5,32
1462,PwP_2,30,5,32
1463,CBT_0,25,5,32
1464,Couns_0,24,5,32
1465,PwP_0,29,5,33
1466,PwP_1,30,5,33
1467,PwP_2,30,5,33
1468,CBT_0,25,5,33
1469,Couns_0,24,5,33
1470,PwP_0,29,5,34
1471,PwP_1,30,5,34
1472,PwP_2,30,5,34
1473,CBT_0,25,5,34
1474,Couns_0,24,5,34
1475,PwP_0,29,5,35
1476,PwP_1,30,5,35
1477,PwP_2,30,5,35
1478,CBT_0,25,5,35
1479,Couns_0,24,5,35
1480,PwP_0,29,5,36
1481,PwP_1,30,5,36
1482,PwP_2,30,5,36
1483,CBT_0,25,5,36
1484,Couns_0,24,5,36
1485,PwP_0,29,5,37
1486,PwP_1,30,5,37
1487,PwP_2,30,5,37
1488,CBT_0,25,5,37
1489,Couns_0,24,5,37
1490,PwP_0,29,5,38
1491,PwP_1,30,5,38
1492,PwP_2,30,5,38
1493,CBT_0,25,5,38
1494,Couns_0,24,5,38
1495,PwP_0,29,5,39
1496,PwP_1,30,5,39
1497,PwP_2,30,5,39
1498,CBT_0,25,5,39
1499,Couns_0,24,5,39
1500,PwP_0,29,5,40
1501,PwP_1,30,5,40
1502,PwP_2,30,5,40
1503,CBT_0,25,5,40
1504,Couns_0,24,5,40
1505,PwP_0,28,5,41
1506,PwP_1,30,5,41
1507,PwP_2,30,5,41
1508,CBT_0,25,5,41
1509,Couns_0,24,5,41
1510,PwP_0,28,5,42
1511,PwP_1,30,5,42
1512,PwP_2,30,5,42
1513,CBT_0,25,5,42
1514,Couns_0,24,5,42
1515,PwP_0,28,5,43
1516,PwP_1,30,5,43
1517,PwP_2,30,5,43
1518,CBT_0,25,5,43
1519,Couns_0,24,5,43
1520,PwP_0,28,5,44
1521,PwP_1,30,5,44
1522,PwP_2,30,5,44
1523,CBT_0,25,5,44
1524,Couns_0,24,5,44
1525,PwP_0,28,5,45
1526,PwP_1,30,5,45
1527,PwP_2,30,5,45
1528,CBT_0,25,5,45
1529,Couns_0,24,5,45
1530,PwP_0,28,5,46
1531,PwP_1,30,5,46
1532,PwP_2,30,5,46
1533,CBT_0,25,5,46
1534,Couns_0,23,5,46
1535,PwP_0,28,5,47
1536,PwP_1,30,5,47
1537,PwP_2,30,5,47
1538,CBT_0,25,5,47
1539,Couns_0,23,5,47
1540,PwP_0,28,5,48
1541,PwP_1,30,5,48
1542,PwP_2,30,5,48
1543,CBT_0,25,5,48
1544,Couns_0,23,5,48
1545,PwP_0,28,5,49
1546,PwP_1,30,5,49
1547,PwP_2,30,5,49
1548,CBT_0,25,5,49
1549,Couns_0,23,5,49
1550,PwP_0,28,5,50
1551,PwP_1,30,5,50
1552,PwP_2,30,5,50
1553,CBT_0,25,5,50
1554,Couns_0,23,5,50
1555,PwP_0,28,5,51
1556,PwP_1,30,5,51
1557,PwP_2,30,5,51
1558,CBT_0,25,5,51
1559,Couns_0,23,5,51
1560,PwP_0,30,6,0
1561,PwP_1,30,6,0
1562,PwP_2,30,6,0
1563,CBT_0,25,6,0
1564,Couns_0,25,6,0
1565,PwP_0,30,6,1
1566,PwP_1,30,6,1
1567,PwP_2,30,6,1
1568,CBT_0,25,6,1
1569,Couns_0,25,6,1
1570,PwP_0,29,6,2
1571,PwP_1,30,6,2
1572,PwP_2,30,6,2
1573,CBT_0,25,6,2
1574,Couns_0,25,6,2
1575,PwP_0,29,6,3
1576,PwP_1,30,6,3
1577,PwP_2,30,6,3
1578,CBT_0,25,6,3
1579,Couns_0,25,6,3
1580,PwP_0,29,6,4
1581,PwP_1,30,6,4
1582,PwP_2,30,6,4
1583,CBT_0,25,6,4
1584,Couns_0,25,6,4
1585,PwP_0,28,6,5
1586,PwP_1,30,6,5
1587,PwP_2,30,6,5
1588,CBT_0,24,6,5
1589,Couns_0,25,6,5
1590,PwP_0,28,6,6
1591,PwP_1,30,6,6
1592,PwP_2,30,6,6
1593,CBT_0,24,6,6
1594,Couns_0,25,6,6
1595,PwP_0,28,6,7
1596,PwP_1,30,6,7
1597,PwP_2,30,6,7
1598,CBT_0,24,6,7
1599,Couns_0,25,6,7
1600,PwP_0,28,6,8
1601,PwP_1,30,6,8
1602,PwP_2,30,6,8
1603,CBT_0,24,6,8
1604,Couns_0,25,6,8
1605,PwP_0,28,6,9
1606,PwP_1,30,6,9
1607,PwP_2,30,6,9
1608,CBT_0,24,6,9
1609,Couns_0,25,6,9
1610,PwP_0,27,6,10
1611,PwP_1,30,6,10
1612,PwP_2,30,6,10
1613,CBT_0,24,6,10
1614,Couns_0,24,6,10
1615,PwP_0,27,6,11
1616,PwP_1,30,6,11
1617,PwP_2,30,6,11
1618,CBT_0,24,6,11
1619,Couns_0,24,6,11
1620,PwP_0,27,6,12
1621,PwP_1,30,6,12
1622,PwP_2,30,6,12
1623,CBT_0,23,6,12
1624,Couns_0,24,6,12
1625,PwP_0,27,6,13
1626,PwP_1,30,6,13
1627,PwP_2,30,6,13
1628,CBT_0,23,6,13
1629,Couns_0,24,6,13
1630,PwP_0,27,6,14
1631,PwP_1,30,6,14
1632,PwP_2,30,6,14
1633,CBT_0,23,6,14
1634,Couns_0,24,6,14
1635,PwP_0,27,6,15
1636,PwP_1,30,6,15
1637,PwP_2,30,6,15
1638,CBT_0,23,6,15
1639,Couns_0,24,6,15
1640,PwP_0,27,6,16
1641,PwP_1,30,6,16
1642,PwP_2,30,6,16
1643,CBT_0,23,6,16
1644,Couns_0,24,6,16
1645,PwP_0,27,6,17
1646,PwP_1,30,6,17
1647,PwP_2,30,6,17
1648,CBT_0,23,6,17
1649,Couns_0,24,6,17
1650,PwP_0,28,6,18
1651,PwP_1,30,6,18
1652,PwP_2,30,6,18
1653,CBT_0,23,6,18
1654,Couns_0,24,6,18
1655,PwP_0,28,6,19
1656,PwP_1,30,6,19
1657,PwP_2,30,6,19
1658,CBT_0,23,6,19
1659,Couns_0,24,6,19
1660,PwP_0,28,6,20
1661,PwP_1,30,6,20
1662,PwP_2,30,6,20
1663,CBT_0,23,6,20
1664,Couns_0,24,6,20
1665,PwP_0,27,6,21
1666,PwP_1,30,6,21
1667,PwP_2,30,6,21
1668,CBT_0,24,6,21
1669,Couns_0,23,6,21
1670,PwP_0,27,6,22
1671,PwP_1,30,6,22
1672,PwP_2,30,6,22
1673,CBT_0,24,6,22
1674,Couns_0,23,6,22
1675,PwP_0,26,6,23
1676,PwP_1,30,6,23
1677,PwP_2,30,6,23
1678,CBT_0,23,6,23
1679,Couns_0,23,6,23
1680,PwP_0,26,6,24
1681,PwP_1,30,6,24
1682,PwP_2,30,6,24
1683,CBT_0,23,6,24
1684,Couns_0,23,6,24
1685,PwP_0,26,6,25
1686,PwP_1,30,6,25
1687,PwP_2,30,6,25
1688,CBT_0,23,6,25
1689,Couns_0,23,6,25
1690,PwP_0,26,6,26
1691,PwP_1,30,6,26
1692,PwP_2,30,6,26
1693,CBT_0,23,6,26
1694,Couns_0,23,6,26
1695,PwP_0,26,6,27
1696,PwP_1,30,6,27
1697,PwP_2,30,6,27
1698,CBT_0,23,6,27
1699,Couns_0,23,6,27
1700,PwP_0,26,6,28
1701,PwP_1,30,6,28
1702,PwP_2,30,6,28
1703,CBT_0,23,6,28
1704,Couns_0,23,6,28
1705,PwP_0,26,6,29
1706,PwP_1,30,6,29
1707,PwP_2,30,6,29
1708,CBT_0,23,6,29
1709,Couns_0,22,6,29
1710,PwP_0,26,6,30
1711,PwP_1,30,6,30
1712,PwP_2,30,6,30
1713,CBT_0,23,6,30
1714,Couns_0,22,6,30
1715,PwP_0,26,6,31
1716,PwP_1,30,6,31
1717,PwP_2,30,6,31
1718,CBT_0,23,6,31
1719,Couns_0,22,6,31
1720,PwP_0,26,6,32
1721,PwP_1,30,6,32
1722,PwP_2,30,6,32
1723,CBT_0,23,6,32
1724,Couns_0,22,6,32
1725,PwP_0,26,6,33
1726,PwP_1,30,6,33
1727,PwP_2,30,6,33
1728,CBT_0,23,6,33
1729,Couns_0,22,6,33
1730,PwP_0,26,6,34
1731,PwP_1,30,6,34
1732,PwP_2,30,6,34
1733,CBT_0,23,6,34
1734,Couns_0,22,6,34
1735,PwP_0,26,6,35
1736,PwP_1,30,6,35
1737,PwP_2,30,6,35
1738,CBT_0,24,6,35
1739,Couns_0,22,6,35
1740,PwP_0,26,6,36
1741,PwP_1,30,6,36
1742,PwP_2,30,6,36
1743,CBT_0,24,6,36
1744,Couns_0,22,6,36
1745,PwP_0,25,6,37
1746,PwP_1,30,6,37
1747,PwP_2,30,6,37
1748,CBT_0,24,6,37
1749,Couns_0,22,6,37
1750,PwP_0,25,6,38
1751,PwP_1,30,6,38
1752,PwP_2,30,6,38
1753,CBT_0,24,6,38
1754,Couns_0,22,6,38
1755,PwP_0,25,6,39
1756,PwP_1,30,6,39
1757,PwP_2,30,6,39
1758,CBT_0,24,6,39
1759,Couns_0,22,6,39
1760,PwP_0,25,6,40
1761,PwP_1,30,6,40
1762,PwP_2,30,6,40
1763,CBT_0,24,6,40
1764,Couns_0,22,6,40
1765,PwP_0,25,6,41
1766,PwP_1,30,6,41
1767,PwP_2,30,6,41
1768,CBT_0,24,6,41
1769,Couns_0,22,6,41
1770,PwP_0,25,6,42
1771,PwP_1,30,6,42
1772,PwP_2,30,6,42
1773,CBT_0,24,6,42
1774,Couns_0,22,6,42
1775,PwP_0,25,6,43
1776,PwP_1,30,6,43
1777,PwP_2,30,6,43
1778,CBT_0,24,6,43
1779,Couns_0,22,6,43
1780,PwP_0,25,6,44
1781,PwP_1,30,6,44
1782,PwP_2,30,6,44
1783,CBT_0,24,6,44
1784,Couns_0,22,6,44
1785,PwP_0,25,6,45
1786,PwP_1,30,6,45
1787,PwP_2,30,6,45
1788,CBT_0,24,6,45
1789,Couns_0,22,6,45
1790,PwP_0,25,6,46
1791,PwP_1,30,6,46
1792,PwP_2,30,6,46
1793,CBT_0,24,6,46
1794,Couns_0,22,6,46
1795,PwP_0,25,6,47
1796,PwP_1,30,6,47
1797,PwP_2,30,6,47
1798,CBT_0,24,6,47
1799,Couns_0,22,6,47
1800,PwP_0,25,6,48
1801,PwP_1,30,6,48
1802,PwP_2,30,6,48
1803,CBT_0,24,6,48
1804,Couns_0,22,6,48
1805,PwP_0,25,6,49
1806,PwP_1,30,6,49
1807,PwP_2,30,6,49
1808,CBT_0,24,6,49
1809,Couns_0,22,6,49
1810,PwP_0,25,6,50
1811,PwP_1,30,6,50
1812,PwP_2,30,6,50
1813,CBT_0,24,6,50
1814,Couns_0,22,6,50
1815,PwP_0,25,6,51
1816,PwP_1,30,6,51
1817,PwP_2,30,6,51
1818,CBT_0,24,6,51
1819,Couns_0,22,6,51
1820,PwP_0,30,7,0
1821,PwP_1,30,7,0
1822,PwP_2,30,7,0
1823,CBT_0,25,7,0
1824,Couns_0,25,7,0
1825,PwP_0,30,7,1
1826,PwP_1,30,7,1
1827,PwP_2,30,7,1
1828,CBT_0,25,7,1
1829,Couns_0,24,7,1
1830,PwP_0,30,7,2
1831,PwP_1,30,7,2
1832,PwP_2,30,7,2
1833,CBT_0,25,7,2
1834,Couns_0,24,7,2
1835,PwP_0,29,7,3
1836,PwP_1,30,7,3
1837,PwP_2,30,7,3
1838,CBT_0,25,7,3
1839,Couns_0,24,7,3
1840,PwP_0,29,7,4
1841,PwP_1,30,7,4
1842,PwP_2,30,7,4
1843,CBT_0,25,7,4
1844,Couns_0,24,7,4
1845,PwP_0,29,7,5
1846,PwP_1,30,7,5
1847,PwP_2,30,7,5
1848,CBT_0,25,7,5
1849,Couns_0,24,7,5
1850,PwP_0,29,7,6
1851,PwP_1,30,7,6
1852,PwP_2,30,7,6
1853,CBT_0,25,7,6
1854,Couns_0,24,7,6
1855,PwP_0,28,7,7
1856,PwP_1,30,7,7
1857,PwP_2,30,7,7
1858,CBT_0,25,7,7
1859,Couns_0,24,7,7
1860,PwP_0,27,7,8
1861,PwP_1,30,7,8
1862,PwP_2,30,7,8
1863,CBT_0,25,7,8
1864,Couns_0,24,7,8
1865,PwP_0,27,7,9
1866,PwP_1,30,7,9
1867,PwP_2,30,7,9
1868,CBT_0,25,7,9
1869,Couns_0,24,7,9
1870,PwP_0,27,7,10
1871,PwP_1,30,7,10
1872,PwP_2,30,7,10
1873,CBT_0,25,7,10
1874,Couns_0,24,7,10
1875,PwP_0,27,7,11
1876,PwP_1,30,7,11
1877,PwP_2,30,7,11
1878,CBT_0,25,7,11
1879,Couns_0,24,7,11
1880,PwP_0,27,7,12
1881,PwP_1,30,7,12
1882,PwP_2,30,7,12
1883,CBT_0,25,7,12
1884,Couns_0,24,7,12
1885,PwP_0,27,7,13
1886,PwP_1,30,7,13
1887,PwP_2,30,7,13
1888,CBT_0,25,7,13
1889,Couns_0,25,7,13
1890,PwP_0,27,7,14
1891,PwP_1,30,7,14
1892,PwP_2,30,7,14
1893,CBT_0,25,7,14
1894,Couns_0,25,7,14
1895,PwP_0,27,7,15
1896,PwP_1,30,7,15
1897,PwP_2,30,7,15
1898,CBT_0,25,7,15
1899,Couns_0,25,7,15
1900,PwP_0,27,7,16
1901,PwP_1,30,7,16
1902,PwP_2,30,7,16
1903,CBT_0,25,7,16
1904,Couns_0,25,7,16
1905,PwP_0,27,7,17
1906,PwP_1,30,7,17
1907,PwP_2,30,7,17
1908,CBT_0,25,7,17
1909,Couns_0,25,7,17
1910,PwP_0,27,7,18
1911,PwP_1,30,7,18
1912,PwP_2,30,7,18
1913,CBT_0,25,7,18
1914,Couns_0,25,7,18
1915,PwP_0,27,7,19
1916,PwP_1,30,7,19
1917,PwP_2,30,7,19
1918,CBT_0,25,7,19
1919,Couns_0,25,7,19
1920,PwP_0,28,7,20
1921,PwP_1,30,7,20
1922,PwP_2,30,7,20
1923,CBT_0,25,7,20
1924,Couns_0,25,7,20
1925,PwP_0,28,7,21
1926,PwP_1,30,7,21
1927,PwP_2,30,7,21
1928,CBT_0,25,7,21
1929,Couns_0,25,7,21
1930,PwP_0,28,7,22
1931,PwP_1,30,7,22
1932,PwP_2,30,7,22
1933,CBT_0,25,7,22
1934,Couns_0,25,7,22
1935,PwP_0,28,7,23
1936,PwP_1,30,7,23
1937,PwP_2,30,7,23
1938,CBT_0,25,7,23
1939,Couns_0,25,7,23
1940,PwP_0,28,7,24
1941,PwP_1,30,7,24
1942,PwP_2,30,7,24
1943,CBT_0,25,7,24
1944,Couns_0,25,7,24
1945,PwP_0,28,7,25
1946,PwP_1,30,7,25
1947,PwP_2,30,7,25
1948,CBT_0,25,7,25
1949,Couns_0,24,7,25
1950,PwP_0,28,7,26
1951,PwP_1,30,7,26
1952,PwP_2,30,7,26
1953,CBT_0,25,7,26
1954,Couns_0,24,7,26
1955,PwP_0,28,7,27
1956,PwP_1,30,7,27
1957,PwP_2,30,7,27
1958,CBT_0,25,7,27
1959,Couns_0,24,7,27
1960,PwP_0,29,7,28
1961,PwP_1,30,7,28
1962,PwP_2,30,7,28
1963,CBT_0,25,7,28
1964,Couns_0,24,7,28
1965,PwP_0,29,7,29
1966,PwP_1,30,7,29
1967,PwP_2,30,7,29
1968,CBT_0,25,7,29
1969,Couns_0,24,7,29
1970,PwP_0,30,7,30
1971,PwP_1,30,7,30
1972,PwP_2,30,7,30
1973,CBT_0,25,7,30
1974,Couns_0,24,7,30
1975,PwP_0,30,7,31
1976,PwP_1,30,7,31
1977,PwP_2,30,7,31
1978,CBT_0,25,7,31
1979,Couns_0,24,7,31
1980,PwP_0,30,7,32
1981,PwP_1,30,7,32
1982,PwP_2,30,7,32
1983,CBT_0,25,7,32
1984,Couns_0,24,7,32
1985,PwP_0,30,7,33
1986,PwP_1,30,7,33
1987,PwP_2,30,7,33
1988,CBT_0,25,7,33
1989,Couns_0,24,7,33
1990,PwP_0,30,7,34
1991,PwP_1,30,7,34
1992,PwP_2,30,7,34
1993,CBT_0,25,7,34
1994,Couns_0,24,7,34
1995,PwP_0,29,7,35
1996,PwP_1,30,7,35
1997,PwP_2,30,7,35
1998,CBT_0,25,7,35
1999,Couns_0,24,7,35
2000,PwP_0,29,7,36
2001,PwP_1,30,7,36
2002,PwP_2,30,7,36
2003,CBT_0,25,7,36
2004,Couns_0,24,7,36
2005,PwP_0,29,7,37
2006,PwP_1,30,7,37
2007,PwP_2,30,7,37
2008,CBT_0,25,7,37
2009,Couns_0,24,7,37
2010,PwP_0,29,7,38
2011,PwP_1,30,7,38
2012,PwP_2,30,7,38
2013,CBT_0,25,7,38
2014,Couns_0,24,7,38
2015,PwP_0,29,7,39
2016,PwP_1,30,7,39
2017,PwP_2,30,7,39
2018,CBT_0,25,7,39
2019,Couns_0,24,7,39
2020,PwP_0,29,7,40
2021,PwP_1,30,7,40
2022,PwP_2,30,7,40
2023,CBT_0,25,7,40
2024,Couns_0,24,7,40
2025,PwP_0,29,7,41
2026,PwP_1,30,7,41
2027,PwP_2,30,7,41
2028,CBT_0,25,7,41
2029,Couns_0,24,7,41
2030,PwP_0,29,7,42
2031,PwP_1,30,7,42
2032,PwP_2,30,7,42
2033,CBT_0,25,7,42
2034,Couns_0,24,7,42
2035,PwP_0,29,7,43
2036,PwP_1,30,7,43
2037,PwP_2,30,7,43
2038,CBT_0,25,7,43
2039,Couns_0,24,7,43
2040,PwP_0,29,7,44
2041,PwP_1,30,7,44
2042,PwP_2,30,7,44
2043,CBT_0,25,7,44
2044,Couns_0,24,7,44
2045,PwP_0,29,7,45
2046,PwP_1,30,7,45
2047,PwP_2,30,7,45
2048,CBT_0,25,7,45
2049,Couns_0,24,7,45
2050,PwP_0,29,7,46
2051,PwP_1,30,7,46
2052,PwP_2,30,7,46
2053,CBT_0,25,7,46
2054,Couns_0,24,7,46
2055,PwP_0,29,7,47
2056,PwP_1,30,7,47
2057,PwP_2,30,7,47
2058,CBT_0,25,7,47
2059,Couns_0,24,7,47
2060,PwP_0,29,7,48
2061,PwP_1,30,7,48
2062,PwP_2,30,7,48
2063,CBT_0,25,7,48
2064,Couns_0,24,7,48
2065,PwP_0,29,7,49
2066,PwP_1,30,7,49
2067,PwP_2,30,7,49
2068,CBT_0,25,7,49
2069,Couns_0,24,7,49
2070,PwP_0,29,7,50
2071,PwP_1,30,7,50
2072,PwP_2,30,7,50
2073,CBT_0,25,7,50
2074,Couns_0,24,7,50
2075,PwP_0,29,7,51
2076,PwP_1,30,7,51
2077,PwP_2,30,7,51
2078,CBT_0,25,7,51
2079,Couns_0,24,7,51
2080,PwP_0,30,8,0
2081,PwP_1,30,8,0
2082,PwP_2,30,8,0
2083,CBT_0,25,8,0
2084,Couns_0,25,8,0
2085,PwP_0,30,8,1
2086,PwP_1,30,8,1
2087,PwP_2,30,8,1
2088,CBT_0,25,8,1
2089,Couns_0,25,8,1
2090,PwP_0,30,8,2
2091,PwP_1,30,8,2
2092,PwP_2,30,8,2
2093,CBT_0,25,8,2
2094,Couns_0,25,8,2
2095,PwP_0,30,8,3
2096,PwP_1,30,8,3
2097,PwP_2,30,8,3
2098,CBT_0,25,8,3
2099,Couns_0,25,8,3
2100,PwP_0,30,8,4
2101,PwP_1,30,8,4
2102,PwP_2,30,8,4
2103,CBT_0,25,8,4
2104,Couns_0,25,8,4
2105,PwP_0,30,8,5
2106,PwP_1,30,8,5
2107,PwP_2,30,8,5
2108,CBT_0,25,8,5
2109,Couns_0,25,8,5
2110,PwP_0,30,8,6
2111,PwP_1,30,8,6
2112,PwP_2,30,8,6
2113,CBT_0,25,8,6
2114,Couns_0,25,8,6
2115,PwP_0,30,8,7
2116,PwP_1,30,8,7
2117,PwP_2,30,8,7
2118,CBT_0,25,8,7
2119,Couns_0,23,8,7
2120,PwP_0,30,8,8
2121,PwP_1,30,8,8
2122,PwP_2,30,8,8
2123,CBT_0,25,8,8
2124,Couns_0,23,8,8
2125,PwP_0,30,8,9
2126,PwP_1,30,8,9
2127,PwP_2,30,8,9
2128,CBT_0,25,8,9
2129,Couns_0,23,8,9
2130,PwP_0,30,8,10
2131,PwP_1,30,8,10
2132,PwP_2,30,8,10
2133,CBT_0,25,8,10
2134,Couns_0,23,8,10
2135,PwP_0,30,8,11
2136,PwP_1,30,8,11
2137,PwP_2,30,8,11
2138,CBT_0,25,8,11
2139,Couns_0,23,8,11
2140,PwP_0,30,8,12
2141,PwP_1,30,8,12
2142,PwP_2,30,8,12
2143,CBT_0,25,8,12
2144,Couns_0,23,8,12
2145,PwP_0,30,8,13
2146,PwP_1,30,8,13
2147,PwP_2,30,8,13
2148,CBT_0,25,8,13
2149,Couns_0,23,8,13
2150,PwP_0,30,8,14
2151,PwP_1,30,8,14
2152,PwP_2,30,8,14
2153,CBT_0,25,8,14
2154,Couns_0,23,8,14
2155,PwP_0,30,8,15
2156,PwP_1,30,8,15
2157,PwP_2,30,8,15
2158,CBT_0,25,8,15
2159,Couns_0,23,8,15
2160,PwP_0,30,8,16
2161,PwP_1,30,8,16
2162,PwP_2,30,8,16
2163,CBT_0,25,8,16
2164,Couns_0,23,8,16
2165,PwP_0,30,8,17
2166,PwP_1,30,8,17
2167,PwP_2,30,8,17
2168,CBT_0,25,8,17
2169,Couns_0,23,8,17
2170,PwP_0,30,8,18
2171,PwP_1,30,8,18
2172,PwP_2,30,8,18
2173,CBT_0,25,8,18
2174,Couns_0,23,8,18
2175,PwP_0,30,8,19
2176,PwP_1,30,8,19
2177,PwP_2,30,8,19
2178,CBT_0,25,8,19
2179,Couns_0,23,8,19
2180,PwP_0,30,8,20
2181,PwP_1,30,8,20
2182,PwP_2,30,8,20
2183,CBT_0,25,8,20
2184,Couns_0,22,8,20
2185,PwP_0,30,8,21
2186,PwP_1,30,8,21
2187,PwP_2,30,8,21
2188,CBT_0,25,8,21
2189,Couns_0,22,8,21
2190,PwP_0,30,8,22
2191,PwP_1,30,8,22
2192,PwP_2,30,8,22
2193,CBT_0,25,8,22
2194,Couns_0,22,8,22
2195,PwP_0,30,8,23
2196,PwP_1,30,8,23
2197,PwP_2,30,8,23
2198,CBT_0,25,8,23
2199,Couns_0,22,8,23
2200,PwP_0,30,8,24
2201,PwP_1,30,8,24
2202,PwP_2,30,8,24
2203,CBT_0,25,8,24
2204,Couns_0,22,8,24
2205,PwP_0,30,8,25
2206,PwP_1,30,8,25
2207,PwP_2,30,8,25
2208,CBT_0,25,8,25
2209,Couns_0,22,8,25
2210,PwP_0,30,8,26
2211,PwP_1,30,8,26
2212,PwP_2,30,8,26
2213,CBT_0,25,8,26
2214,Couns_0,22,8,26
2215,PwP_0,30,8,27
2216,PwP_1,30,8,27
2217,PwP_2,30,8,27
2218,CBT_0,25,8,27
2219,Couns_0,22,8,27
2220,PwP_0,29,8,28
2221,PwP_1,30,8,28
2222,PwP_2,30,8,28
2223,CBT_0,25,8,28
2224,Couns_0,24,8,28
2225,PwP_0,29,8,29
2226,PwP_1,30,8,29
2227,PwP_2,30,8,29
2228,CBT_0,25,8,29
2229,Couns_0,24,8,29
2230,PwP_0,29,8,30
2231,PwP_1,30,8,30
2232,PwP_2,30,8,30
2233,CBT_0,25,8,30
2234,Couns_0,24,8,30
2235,PwP_0,29,8,31
2236,PwP_1,30,8,31
2237,PwP_2,30,8,31
2238,CBT_0,25,8,31
2239,Couns_0,24,8,31
2240,PwP_0,29,8,32
2241,PwP_1,30,8,32
2242,PwP_2,30,8,32
2243,CBT_0,25,8,32
2244,Couns_0,24,8,32
2245,PwP_0,29,8,33
2246,PwP_1,30,8,33
2247,PwP_2,30,8,33
2248,CBT_0,25,8,33
2249,Couns_0,23,8,33
2250,PwP_0,29,8,34
2251,PwP_1,30,8,34
2252,PwP_2,30,8,34
2253,CBT_0,25,8,34
2254,Couns_0,23,8,34
2255,PwP_0,29,8,35
2256,PwP_1,30,8,35
2257,PwP_2,30,8,35
2258,CBT_0,25,8,35
2259,Couns_0,23,8,35
2260,PwP_0,29,8,36
2261,PwP_1,30,8,36
2262,PwP_2,30,8,36
2263,CBT_0,25,8,36
2264,Couns_0,23,8,36
2265,PwP_0,29,8,37
2266,PwP_1,30,8,37
2267,PwP_2,30,8,37
2268,CBT_0,25,8,37
2269,Couns_0,23,8,37
2270,PwP_0,29,8,38
2271,PwP_1,30,8,38
2272,PwP_2,30,8,38
2273,CBT_0,25,8,38
2274,Couns_0,23,8,38
2275,PwP_0,29,8,39
2276,PwP_1,30,8,39
2277,PwP_2,30,8,39
2278,CBT_0,25,8,39
2279,Couns_0,23,8,39
2280,PwP_0,29,8,40
2281,PwP_1,30,8,40
2282,PwP_2,30,8,40
2283,CBT_0,25,8,40
2284,Couns_0,23,8,40
2285,PwP_0,29,8,41
2286,PwP_1,30,8,41
2287,PwP_2,30,8,41
2288,CBT_0,25,8,41
2289,Couns_0,23,8,41
2290,PwP_0,29,8,42
2291,PwP_1,30,8,42
2292,PwP_2,30,8,42
2293,CBT_0,25,8,42
2294,Couns_0,23,8,42
2295,PwP_0,29,8,43
2296,PwP_1,30,8,43
2297,PwP_2,30,8,43
2298,CBT_0,25,8,43
2299,Couns_0,23,8,43
2300,PwP_0,29,8,44
2301,PwP_1,30,8,44
2302,PwP_2,30,8,44
2303,CBT_0,25,8,44
2304,Couns_0,23,8,44
2305,PwP_0,29,8,45
2306,PwP_1,30,8,45
2307,PwP_2,30,8,45
2308,CBT_0,25,8,45
2309,Couns_0,23,8,45
2310,PwP_0,29,8,46
2311,PwP_1,30,8,46
2312,PwP_2,30,8,46
2313,CBT_0,25,8,46
2314,Couns_0,23,8,46
2315,PwP_0,28,8,47
2316,PwP_1,30,8,47
2317,PwP_2,30,8,47
2318,CBT_0,25,8,47
2319,Couns_0,22,8,47
2320,PwP_0,28,8,48
2321,PwP_1,30,8,48
2322,PwP_2,30,8,48
2323,CBT_0,25,8,48
2324,Couns_0,22,8,48
2325,PwP_0,28,8,49
2326,PwP_1,30,8,49
2327,PwP_2,30,8,49
2328,CBT_0,25,8,49
2329,Couns_0,21,8,49
2330,PwP_0,28,8,50
2331,PwP_1,30,8,50
2332,PwP_2,30,8,50
2333,CBT_0,25,8,50
2334,Couns_0,21,8,50
2335,PwP_0,28,8,51
2336,PwP_1,30,8,51
2337,PwP_2,30,8,51
2338,CBT_0,25,8,51
2339,Couns_0,21,8,51
2340,PwP_0,30,9,0
2341,PwP_1,30,9,0
2342,PwP_2,30,9,0
2343,CBT_0,25,9,0
2344,Couns_0,25,9,0
2345,PwP_0,30,9,1
2346,PwP_1,30,9,1
2347,PwP_2,30,9,1
2348,CBT_0,25,9,1
2349,Couns_0,25,9,1
2350,PwP_0,30,9,2
2351,PwP_1,30,9,2
2352,PwP_2,30,9,2
2353,CBT_0,25,9,2
2354,Couns_0,25,9,2
2355,PwP_0,30,9,3
2356,PwP_1,30,9,3
2357,PwP_2,30,9,3
2358,CBT_0,25,9,3
2359,Couns_0,25,9,3
2360,PwP_0,30,9,4
2361,PwP_1,30,9,4
2362,PwP_2,30,9,4
2363,CBT_0,25,9,4
2364,Couns_0,25,9,4
2365,PwP_0,30,9,5
2366,PwP_1,30,9,5
2367,PwP_2,30,9,5
2368,CBT_0,25,9,5
2369,Couns_0,25,9,5
2370,PwP_0,30,9,6
2371,PwP_1,30,9,6
2372,PwP_2,30,9,6
2373,CBT_0,25,9,6
2374,Couns_0,25,9,6
2375,PwP_0,30,9,7
2376,PwP_1,30,9,7
2377,PwP_2,30,9,7
2378,CBT_0,25,9,7
2379,Couns_0,25,9,7
2380,PwP_0,30,9,8
2381,PwP_1,30,9,8
2382,PwP_2,30,9,8
2383,CBT_0,25,9,8
2384,Couns_0,25,9,8
2385,PwP_0,30,9,9
2386,PwP_1,30,9,9
2387,PwP_2,30,9,9
2388,CBT_0,25,9,9
2389,Couns_0,25,9,9
2390,PwP_0,30,9,10
2391,PwP_1,30,9,10
2392,PwP_2,30,9,10
2393,CBT_0,25,9,10
2394,Couns_0,24,9,10
2395,PwP_0,30,9,11
2396,PwP_1,30,9,11
2397,PwP_2,30,9,11
2398,CBT_0,24,9,11
2399,Couns_0,24,9,11
2400,PwP_0,30,9,12
2401,PwP_1,30,9,12
2402,PwP_2,30,9,12
2403,CBT_0,24,9,12
2404,Couns_0,23,9,12
2405,PwP_0,30,9,13
2406,PwP_1,30,9,13
2407,PwP_2,30,9,13
2408,CBT_0,24,9,13
2409,Couns_0,23,9,13
2410,PwP_0,30,9,14
2411,PwP_1,30,9,14
2412,PwP_2,30,9,14
2413,CBT_0,24,9,14
2414,Couns_0,23,9,14
2415,PwP_0,30,9,15
2416,PwP_1,30,9,15
2417,PwP_2,30,9,15
2418,CBT_0,24,9,15
2419,Couns_0,23,9,15
2420,PwP_0,30,9,16
2421,PwP_1,30,9,16
2422,PwP_2,30,9,16
2423,CBT_0,24,9,16
2424,Couns_0,23,9,16
2425,PwP_0,30,9,17
2426,PwP_1,30,9,17
2427,PwP_2,30,9,17
2428,CBT_0,24,9,17
2429,Couns_0,23,9,17
2430,PwP_0,30,9,18
2431,PwP_1,30,9,18
2432,PwP_2,30,9,18
2433,CBT_0,24,9,18
2434,Couns_0,23,9,18
2435,PwP_0,30,9,19
2436,PwP_1,30,9,19
2437,PwP_2,30,9,19
2438,CBT_0,24,9,19
2439,Couns_0,23,9,19
2440,PwP_0,30,9,20
2441,PwP_1,30,9,20
2442,PwP_2,30,9,20
2443,CBT_0,24,9,20
2444,Couns_0,23,9,20
2445,PwP_0,30,9,21
2446,PwP_1,30,9,21
2447,PwP_2,30,9,21
2448,CBT_0,24,9,21
2449,Couns_0,23,9,21
2450,PwP_0,30,9,22
2451,PwP_1,30,9,22
2452,PwP_2,30,9,22
2453,CBT_0,24,9,22
2454,Couns_0,23,9,22
2455,PwP_0,30,9,23
2456,PwP_1,30,9,23
2457,PwP_2,30,9,23
2458,CBT_0,23,9,23
2459,Couns_0,23,9,23
2460,PwP_0,30,9,24
2461,PwP_1,30,9,24
2462,PwP_2,30,9,24
2463,CBT_0,23,9,24
2464,Couns_0,23,9,24
2465,PwP_0,30,9,25
2466,PwP_1,30,9,25
2467,PwP_2,30,9,25
2468,CBT_0,23,9,25
2469,Couns_0,23,9,25
2470,PwP_0,30,9,26
2471,PwP_1,30,9,26
2472,PwP_2,30,9,26
2473,CBT_0,23,9,26
2474,Couns_0,23,9,26
2475,PwP_0,30,9,27
2476,PwP_1,30,9,27
2477,PwP_2,30,9,27
2478,CBT_0,23,9,27
2479,Couns_0,23,9,27
2480,PwP_0,30,9,28
2481,PwP_1,30,9,28
2482,PwP_2,30,9,28
2483,CBT_0,23,9,28
2484,Couns_0,23,9,28
2485,PwP_0,30,9,29
2486,PwP_1,30,9,29
2487,PwP_2,30,9,29
2488,CBT_0,23,9,29
2489,Couns_0,23,9,29
2490,PwP_0,30,9,30
2491,PwP_1,30,9,30
2492,PwP_2,30,9,30
2493,CBT_0,23,9,30
2494,Couns_0,22,9,30
2495,PwP_0,30,9,31
2496,PwP_1,30,9,31
2497,PwP_2,30,9,31
2498,CBT_0,23,9,31
2499,Couns_0,22,9,31
2500,PwP_0,30,9,32
2501,PwP_1,30,9,32
2502,PwP_2,30,9,32
2503,CBT_0,23,9,32
2504,Couns_0,22,9,32
2505,PwP_0,29,9,33
2506,PwP_1,30,9,33
2507,PwP_2,30,9,33
2508,CBT_0,23,9,33
2509,Couns_0,22,9,33
2510,PwP_0,29,9,34
2511,PwP_1,30,9,34
2512,PwP_2,30,9,34
2513,CBT_0,23,9,34
2514,Couns_0,23,9,34
2515,PwP_0,29,9,35
2516,PwP_1,30,9,35
2517,PwP_2,30,9,35
2518,CBT_0,23,9,35
2519,Couns_0,23,9,35
2520,PwP_0,29,9,36
2521,PwP_1,30,9,36
2522,PwP_2,30,9,36
2523,CBT_0,23,9,36
2524,Couns_0,23,9,36
2525,PwP_0,29,9,37
2526,PwP_1,30,9,37
2527,PwP_2,30,9,37
2528,CBT_0,23,9,37
2529,Couns_0,23,9,37
2530,PwP_0,29,9,38
2531,PwP_1,30,9,38
2532,PwP_2,30,9,38
2533,CBT_0,23,9,38
2534,Couns_0,23,9,38
2535,PwP_0,29,9,39
2536,PwP_1,30,9,39
2537,PwP_2,30,9,39
2538,CBT_0,23,9,39
2539,Couns_0,23,9,39
2540,PwP_0,29,9,40
2541,PwP_1,30,9,40
2542,PwP_2,30,9,40
2543,CBT_0,23,9,40
2544,Couns_0,23,9,40
2545,PwP_0,29,9,41
2546,PwP_1,30,9,41
2547,PwP_2,30,9,41
2548,CBT_0,23,9,41
2549,Couns_0,23,9,41
2550,PwP_0,29,9,42
2551,PwP_1,30,9,42
2552,PwP_2,30,9,42
2553,CBT_0,23,9,42
2554,Couns_0,22,9,42
2555,PwP_0,29,9,43
2556,PwP_1,30,9,43
2557,PwP_2,30,9,43
2558,CBT_0,23,9,43
2559,Couns_0,22,9,43
2560,PwP_0,29,9,44
2561,PwP_1,30,9,44
2562,PwP_2,30,9,44
2563,CBT_0,23,9,44
2564,Couns_0,22,9,44
2565,PwP_0,29,9,45
2566,PwP_1,30,9,45
2567,PwP_2,30,9,45
2568,CBT_0,23,9,45
2569,Couns_0,22,9,45
2570,PwP_0,29,9,46
2571,PwP_1,30,9,46
2572,PwP_2,30,9,46
2573,CBT_0,23,9,46
2574,Couns_0,22,9,46
2575,PwP_0,28,9,47
2576,PwP_1,30,9,47
2577,PwP_2,30,9,47
2578,CBT_0,22,9,47
2579,Couns_0,22,9,47
2580,PwP_0,28,9,48
2581,PwP_1,30,9,48
2582,PwP_2,30,9,48
2583,CBT_0,22,9,48
2584,Couns_0,22,9,48
2585,PwP_0,28,9,49
2586,PwP_1,30,9,49
2587,PwP_2,30,9,49
2588,CBT_0,22,9,49
2589,Couns_0,22,9,49
2590,PwP_0,28,9,50
2591,PwP_1,30,9,50
2592,PwP_2,30,9,50
2593,CBT_0,22,9,50
2594,Couns_0,22,9,50
2595,PwP_0,28,9,51
2596,PwP_1,30,9,51
2597,PwP_2,30,9,51
2598,CBT_0,22,9,51
2599,Couns_0,22,9,51
