,Route Name,Week Number,Step2 WL,Step2 Q Time,Step2 Clin Mins,Step2 Admin Mins,Step2 Sessions,Step2 DNAs,Step2 Dropout,Step2 Complete,Step2 Caseload,Run
0,PwP,0,0,,0.0,0.0,0,0.0,0.0,0.0,0,0
1,Group,0,0,,0.0,0.0,0,0.0,0.0,0.0,0,0
2,PwP,1,0,,90.0,45.0,3,1.0,0.0,0.0,0,0
3,Group,1,0,,0.0,0.0,0,0.0,0.0,0.0,0,0
4,PwP,2,0,,210.0,105.0,7,1.0,0.0,0.0,0,0
5,Group,2,0,,0.0,0.0,0,0.0,0.0,0.0,0,0
6,PwP,3,0,,345.0,165.0,11,3.0,0.0,0.0,1,0
7,Group,3,0,,0.0,0.0,0,0.0,0.0,0.0,0,0
8,PwP,4,0,,405.0,195.0,13,4.0,0.0,0.0,1,0
9,Group,4,0,,0.0,0.0,0,0.0,0.0,0.0,0,0
10,PwP,5,0,,465.0,225.0,15,4.0,0.0,0.0,1,0
11,Group,5,0,,0.0,0.0,0,0.0,0.0,0.0,0,0
12,PwP,6,0,,585.0,285.0,19,6.0,0.0,0.0,1,0
13,Group,6,0,,0.0,0.0,0,0.0,0.0,0.0,0,0
14,PwP,7,0,,675.0,330.0,22,6.0,0.0,0.0,2,0
15,Group,7,0,,0.0,0.0,0,0.0,0.0,0.0,0,0
16,PwP,8,0,,735.0,360.0,24,6.0,0.0,0.0,2,0
17,Group,8,0,,0.0,0.0,0,0.0,0.0,0.0,0,0
18,PwP,9,0,,825.0,405.0,27,7.0,0.0,0.0,2,0
19,Group,9,1,,720.0,45.0,3,1.0,0.0,0.0,0,0
20,PwP,10,0,,945.0,465.0,31,7.0,0.0,0.0,2,0
21,Group,10,1,,1440.0,90.0,6,2.0,0.0,0.0,0,0
22,PwP,11,0,,975.0,495.0,33,8.0,0.0,0.0,2,0
23,Group,11,1,,2160.0,135.0,9,2.0,0.0,0.0,0,0
24,PwP,12,0,,1005.0,510.0,34,8.0,0.0,0.0,2,0
25,Group,12,0,,2640.0,180.0,12,5.0,0.0,0.0,0,0
26,PwP,13,0,,1065.0,555.0,37,9.0,0.0,0.0,2,0
27,Group,13,0,,2640.0,180.0,12,5.0,0.0,0.0,0,0
28,PwP,14,0,,1155.0,600.0,40,9.0,0.0,0.0,2,0
29,Group,14,0,,2640.0,180.0,12,5.0,0.0,0.0,0,0
30,PwP,15,0,,1245.0,645.0,43,9.0,0.0,0.0,2,0
31,Group,15,0,,2640.0,180.0,12,5.0,0.0,0.0,0,0
32,PwP,16,0,,1335.0,690.0,46,9.0,0.0,0.0,2,0
33,Group,16,0,,2640.0,180.0,12,5.0,0.0,0.0,0,0
34,PwP,17,0,,1395.0,720.0,48,9.0,0.0,0.0,2,0
35,Group,17,0,,2640.0,180.0,12,5.0,0.0,0.0,0,0
36,PwP,18,0,,1515.0,780.0,52,9.0,0.0,0.0,2,0
37,Group,18,0,,2640.0,180.0,12,5.0,0.0,0.0,0,0
38,PwP,19,0,,1635.0,840.0,56,10.0,0.0,0.0,2,0
39,Group,19,0,,2640.0,180.0,12,5.0,0.0,0.0,0,0
40,PwP,20,0,,1725.0,885.0,59,10.0,0.0,0.0,1,0
41,Group,20,0,,2640.0,180.0,12,5.0,0.0,0.0,0,0
42,PwP,21,0,,1815.0,930.0,62,11.0,0.0,0.0,1,0
43,Group,21,1,,3360.0,225.0,15,7.0,0.0,0.0,0,0
44,PwP,22,0,,1905.0,975.0,65,11.0,0.0,0.0,1,0
45,Group,22,1,,4080.0,270.0,18,10.0,0.0,0.0,0,0
46,PwP,23,0,,2025.0,1035.0,69,12.0,0.0,0.0,1,0
47,Group,23,0,,4800.0,315.0,21,12.0,0.0,0.0,0,0
48,PwP,24,0,,2145.0,1095.0,73,12.0,0.0,0.0,1,0
49,Group,24,0,,4800.0,315.0,21,12.0,0.0,0.0,0,0
50,PwP,25,0,,2235.0,1140.0,76,13.0,0.0,0.0,1,0
51,Group,25,0,,4800.0,315.0,21,12.0,0.0,0.0,0,0
52,PwP,26,0,,2295.0,1170.0,78,13.0,0.0,0.0,1,0
53,Group,26,0,,4800.0,315.0,21,12.0,0.0,0.0,0,0
54,PwP,27,0,,2385.0,1215.0,81,14.0,0.0,0.0,1,0
55,Group,27,0,,4800.0,315.0,21,12.0,0.0,0.0,0,0
56,PwP,28,0,,2475.0,1260.0,84,14.0,0.0,0.0,0,0
57,Group,28,0,,4800.0,315.0,21,12.0,0.0,0.0,0,0
58,PwP,29,0,,2595.0,1320.0,88,16.0,0.0,0.0,0,0
59,Group,29,0,,4800.0,315.0,21,12.0,0.0,0.0,0,0
60,PwP,30,0,,2625.0,1335.0,89,16.0,0.0,0.0,0,0
61,Group,30,1,,5520.0,360.0,24,14.0,0.0,0.0,0,0
62,PwP,31,0,,2715.0,1380.0,92,17.0,0.0,0.0,0,0
63,Group,31,1,,6240.0,405.0,27,16.0,0.0,0.0,0,0
64,PwP,32,0,,2805.0,1425.0,95,17.0,0.0,0.0,0,0
65,Group,32,0,,6960.0,450.0,30,19.0,0.0,0.0,0,0
66,PwP,33,0,,2865.0,1455.0,97,18.0,0.0,0.0,0,0
67,Group,33,0,,6960.0,450.0,30,19.0,0.0,0.0,0,0
68,PwP,34,0,,2985.0,1515.0,101,18.0,0.0,0.0,0,0
69,Group,34,0,,6960.0,450.0,30,19.0,0.0,0.0,0,0
70,PwP,35,0,,3045.0,1545.0,103,19.0,0.0,0.0,0,0
71,Group,35,0,,6960.0,450.0,30,19.0,0.0,0.0,0,0
72,PwP,36,0,,3135.0,1590.0,106,19.0,0.0,0.0,0,0
73,Group,36,0,,6960.0,450.0,30,19.0,0.0,0.0,0,0
74,PwP,37,0,,3225.0,1635.0,109,19.0,0.0,0.0,0,0
75,Group,37,0,,6960.0,450.0,30,19.0,0.0,0.0,0,0
76,PwP,38,0,,3375.0,1710.0,114,20.0,0.0,0.0,0,0
77,Group,38,0,,6960.0,450.0,30,19.0,0.0,0.0,0,0
78,PwP,39,0,,3465.0,1755.0,117,20.0,0.0,0.0,0,0
79,Group,39,1,,7680.0,495.0,33,21.0,0.0,0.0,0,0
80,PwP,40,0,,3525.0,1785.0,119,21.0,0.0,0.0,0,0
81,Group,40,1,,8400.0,540.0,36,21.0,0.0,0.0,0,0
82,PwP,41,0,,3615.0,1830.0,122,23.0,0.0,0.0,0,0
83,Group,41,0,,8640.0,555.0,37,21.0,0.0,0.0,0,0
84,PwP,42,0,,3705.0,1875.0,125,24.0,0.0,0.0,0,0
85,Group,42,0,,8640.0,555.0,37,21.0,0.0,0.0,0,0
86,PwP,43,0,,3795.0,1920.0,128,24.0,0.0,0.0,0,0
87,Group,43,0,,8640.0,555.0,37,21.0,0.0,0.0,0,0
88,PwP,44,0,,3915.0,1980.0,132,25.0,0.0,0.0,0,0
89,Group,44,0,,8640.0,555.0,37,21.0,0.0,0.0,0,0
90,PwP,45,0,,3990.0,2010.0,134,27.0,0.0,0.0,0,0
91,Group,45,0,,8640.0,555.0,37,21.0,0.0,0.0,0,0
92,PwP,46,0,,4110.0,2070.0,138,27.0,0.0,0.0,0,0
93,Group,46,0,,8640.0,555.0,37,21.0,0.0,0.0,0,0
94,PwP,47,0,,4230.0,2130.0,142,27.0,0.0,0.0,0,0
95,Group,47,0,,8640.0,555.0,37,21.0,0.0,0.0,0,0
96,PwP,48,0,,4320.0,2175.0,145,27.0,0.0,0.0,0,0
97,Group,48,0,,8640.0,555.0,37,21.0,0.0,0.0,0,0
98,PwP,49,0,,4410.0,2220.0,148,28.0,0.0,0.0,0,0
99,Group,49,0,,8640.0,555.0,37,21.0,0.0,0.0,0,0
100,PwP,50,0,,4500.0,2265.0,151,29.0,0.0,0.0,0,0
101,Group,50,0,,8640.0,555.0,37,21.0,0.0,0.0,0,0
102,PwP,51,0,,4650.0,2340.0,156,31.0,0.0,0.0,0,0
103,Group,51,0,,8640.0,555.0,37,21.0,0.0,0.0,0,0
0,PwP,0,0,,0.0,0.0,0,0.0,0.0,0.0,0,1
1,Group,0,0,,0.0,0.0,0,0.0,0.0,0.0,0,1
2,PwP,1,0,,120.0,60.0,4,0.0,0.0,0.0,0,1
3,Group,1,0,,0.0,0.0,0,0.0,0.0,0.0,0,1
4,PwP,2,0,,240.0,120.0,8,0.0,0.0,0.0,0,1
5,Group,2,0,,0.0,0.0,0,0.0,0.0,0.0,0,1
6,PwP,3,0,,300.0,150.0,10,0.0,0.0,0.0,0,1
7,Group,3,0,,0.0,0.0,0,0.0,0.0,0.0,0,1
8,PwP,4,0,,390.0,195.0,13,1.0,0.0,0.0,0,1
9,Group,4,0,,0.0,0.0,0,0.0,0.0,0.0,0,1
10,PwP,5,0,,510.0,255.0,17,3.0,0.0,0.0,0,1
11,Group,5,0,,0.0,0.0,0,0.0,0.0,0.0,0,1
12,PwP,6,0,,570.0,285.0,19,4.0,0.0,0.0,0,1
13,Group,6,0,,0.0,0.0,0,0.0,0.0,0.0,0,1
14,PwP,7,0,,720.0,360.0,24,4.0,0.0,0.0,1,1
15,Group,7,0,,0.0,0.0,0,0.0,0.0,0.0,0,1
16,PwP,8,0,,780.0,390.0,26,6.0,0.0,0.0,1,1
17,Group,8,0,,0.0,0.0,0,0.0,0.0,0.0,0,1
18,PwP,9,0,,915.0,450.0,30,7.0,0.0,0.0,1,1
19,Group,9,0,,0.0,0.0,0,0.0,0.0,0.0,0,1
20,PwP,10,0,,1065.0,525.0,35,9.0,0.0,0.0,1,1
21,Group,10,0,,0.0,0.0,0,0.0,0.0,0.0,0,1
22,PwP,11,0,,1185.0,585.0,39,10.0,0.0,0.0,1,1
23,Group,11,0,,0.0,0.0,0,0.0,0.0,0.0,0,1
24,PwP,12,0,,1305.0,645.0,43,13.0,0.0,0.0,1,1
25,Group,12,0,,0.0,0.0,0,0.0,0.0,0.0,0,1
26,PwP,13,0,,1425.0,705.0,47,14.0,0.0,0.0,1,1
27,Group,13,0,,0.0,0.0,0,0.0,0.0,0.0,0,1
28,PwP,14,0,,1515.0,765.0,51,17.0,0.0,0.0,1,1
29,Group,14,1,,720.0,45.0,3,1.0,0.0,0.0,0,1
30,PwP,15,0,,1605.0,810.0,54,17.0,0.0,0.0,1,1
31,Group,15,1,,1440.0,90.0,6,2.0,0.0,0.0,0,1
32,PwP,16,0,,1635.0,825.0,55,17.0,0.0,0.0,1,1
33,Group,16,1,,2160.0,135.0,9,4.0,0.0,0.0,0,1
34,PwP,17,0,,1695.0,855.0,57,19.0,0.0,0.0,1,1
35,Group,17,0,,2880.0,180.0,12,7.0,0.0,0.0,0,1
36,PwP,18,0,,1860.0,930.0,62,21.0,0.0,0.0,1,1
37,Group,18,0,,2880.0,180.0,12,7.0,0.0,0.0,0,1
38,PwP,19,0,,1950.0,990.0,66,24.0,0.0,0.0,1,1
39,Group,19,0,,2880.0,180.0,12,7.0,0.0,0.0,0,1
40,PwP,20,0,,2010.0,1020.0,68,24.0,0.0,0.0,1,1
41,Group,20,0,,2880.0,180.0,12,7.0,0.0,0.0,0,1
42,PwP,21,0,,2100.0,1065.0,71,24.0,0.0,0.0,1,1
43,Group,21,0,,2880.0,180.0,12,7.0,0.0,0.0,0,1
44,PwP,22,0,,2220.0,1125.0,75,26.0,0.0,0.0,1,1
45,Group,22,0,,2880.0,180.0,12,7.0,0.0,0.0,0,1
46,PwP,23,0,,2250.0,1140.0,76,26.0,0.0,0.0,1,1
47,Group,23,0,,2880.0,180.0,12,7.0,0.0,0.0,0,1
48,PwP,24,0,,2370.0,1200.0,80,26.0,0.0,0.0,1,1
49,Group,24,0,,2880.0,180.0,12,7.0,0.0,0.0,0,1
50,PwP,25,0,,2400.0,1215.0,81,26.0,0.0,0.0,1,1
51,Group,25,2,,3600.0,225.0,15,9.0,0.0,0.0,0,1
52,PwP,26,0,,2460.0,1245.0,83,26.0,0.0,0.0,1,1
53,Group,26,2,,4320.0,270.0,18,11.0,0.0,0.0,0,1
54,PwP,27,0,,2550.0,1290.0,86,26.0,0.0,0.0,1,1
55,Group,27,1,,5040.0,315.0,21,11.0,0.0,0.0,0,1
56,PwP,28,0,,2610.0,1320.0,88,27.0,0.0,0.0,0,1
57,Group,28,0,,5760.0,360.0,24,11.0,0.0,0.0,0,1
58,PwP,29,0,,2640.0,1350.0,90,28.0,0.0,0.0,0,1
59,Group,29,0,,5760.0,360.0,24,11.0,0.0,0.0,0,1
60,PwP,30,0,,2670.0,1365.0,91,28.0,0.0,0.0,0,1
61,Group,30,0,,5760.0,360.0,24,11.0,0.0,0.0,0,1
62,PwP,31,0,,2820.0,1440.0,96,29.0,0.0,0.0,0,1
63,Group,31,0,,5760.0,360.0,24,11.0,0.0,0.0,0,1
64,PwP,32,0,,2910.0,1485.0,99,29.0,0.0,0.0,0,1
65,Group,32,0,,5760.0,360.0,24,11.0,0.0,0.0,0,1
66,PwP,33,0,,3030.0,1545.0,103,30.0,0.0,0.0,1,1
67,Group,33,0,,5760.0,360.0,24,11.0,0.0,0.0,0,1
68,PwP,34,0,,3090.0,1590.0,106,32.0,0.0,0.0,1,1
69,Group,34,0,,5760.0,360.0,24,11.0,0.0,0.0,0,1
70,PwP,35,0,,3240.0,1665.0,111,33.0,0.0,0.0,2,1
71,Group,35,0,,5760.0,360.0,24,11.0,0.0,0.0,0,1
72,PwP,36,0,,3330.0,1710.0,114,33.0,0.0,0.0,3,1
73,Group,36,1,,6480.0,405.0,27,12.0,0.0,0.0,0,1
74,PwP,37,0,,3480.0,1785.0,119,35.0,0.0,0.0,3,1
75,Group,37,1,,7200.0,450.0,30,14.0,0.0,0.0,0,1
76,PwP,38,0,,3540.0,1815.0,121,35.0,0.0,0.0,3,1
77,Group,38,0,,7440.0,465.0,31,14.0,0.0,0.0,0,1
78,PwP,39,0,,3600.0,1845.0,123,36.0,0.0,0.0,3,1
79,Group,39,0,,7440.0,465.0,31,14.0,0.0,0.0,0,1
80,PwP,40,0,,3720.0,1905.0,127,39.0,0.0,0.0,3,1
81,Group,40,0,,7440.0,465.0,31,14.0,0.0,0.0,0,1
82,PwP,41,0,,3810.0,1950.0,130,41.0,0.0,0.0,3,1
83,Group,41,0,,7440.0,465.0,31,14.0,0.0,0.0,0,1
84,PwP,42,0,,3930.0,2010.0,134,41.0,0.0,0.0,3,1
85,Group,42,0,,7440.0,465.0,31,14.0,0.0,0.0,0,1
86,PwP,43,0,,3990.0,2040.0,136,42.0,0.0,0.0,3,1
87,Group,43,0,,7440.0,465.0,31,14.0,0.0,0.0,0,1
88,PwP,44,0,,4080.0,2085.0,139,42.0,0.0,0.0,3,1
89,Group,44,0,,7440.0,465.0,31,14.0,0.0,0.0,0,1
90,PwP,45,0,,4170.0,2130.0,142,43.0,0.0,0.0,4,1
91,Group,45,0,,7440.0,465.0,31,14.0,0.0,0.0,0,1
92,PwP,46,0,,4200.0,2145.0,143,43.0,0.0,0.0,4,1
93,Group,46,2,,8160.0,510.0,34,14.0,0.0,0.0,0,1
94,PwP,47,0,,4320.0,2205.0,147,44.0,0.0,0.0,4,1
95,Group,47,2,,8880.0,555.0,37,15.0,0.0,0.0,0,1
96,PwP,48,0,,4380.0,2235.0,149,44.0,0.0,0.0,4,1
97,Group,48,1,,9600.0,600.0,40,16.0,0.0,0.0,0,1
98,PwP,49,0,,4530.0,2310.0,154,46.0,0.0,0.0,4,1
99,Group,49,0,,9840.0,615.0,41,17.0,0.0,0.0,0,1
100,PwP,50,0,,4590.0,2340.0,156,47.0,0.0,0.0,4,1
101,Group,50,0,,9840.0,615.0,41,17.0,0.0,0.0,0,1
102,PwP,51,0,,4710.0,2400.0,160,49.0,0.0,0.0,4,1
103,Group,51,0,,9840.0,615.0,41,17.0,0.0,0.0,0,1
0,PwP,0,0,,0.0,0.0,0,0.0,0.0,0.0,0,2
1,Group,0,0,,0.0,0.0,0,0.0,0.0,0.0,0,2
2,PwP,1,0,,60.0,30.0,2,1.0,0.0,0.0,0,2
3,Group,1,0,,0.0,0.0,0,0.0,0.0,0.0,0,2
4,PwP,2,0,,150.0,75.0,5,1.0,0.0,0.0,0,2
5,Group,2,0,,0.0,0.0,0,0.0,0.0,0.0,0,2
6,PwP,3,0,,270.0,135.0,9,2.0,0.0,0.0,0,2
7,Group,3,0,,0.0,0.0,0,0.0,0.0,0.0,0,2
8,PwP,4,0,,360.0,180.0,12,2.0,0.0,0.0,0,2
9,Group,4,0,,0.0,0.0,0,0.0,0.0,0.0,0,2
10,PwP,5,0,,450.0,225.0,15,2.0,0.0,0.0,0,2
11,Group,5,1,,720.0,45.0,3,2.0,0.0,0.0,0,2
12,PwP,6,0,,570.0,285.0,19,3.0,0.0,0.0,0,2
13,Group,6,1,,1440.0,90.0,6,3.0,0.0,0.0,0,2
14,PwP,7,0,,630.0,330.0,22,4.0,0.0,0.0,0,2
15,Group,7,0,,2160.0,135.0,9,5.0,0.0,0.0,0,2
16,PwP,8,0,,750.0,390.0,26,4.0,0.0,0.0,0,2
17,Group,8,0,,2160.0,135.0,9,5.0,0.0,0.0,0,2
18,PwP,9,0,,870.0,450.0,30,5.0,0.0,0.0,0,2
19,Group,9,0,,2160.0,135.0,9,5.0,0.0,0.0,0,2
20,PwP,10,0,,930.0,480.0,32,5.0,0.0,0.0,0,2
21,Group,10,0,,2160.0,135.0,9,5.0,0.0,0.0,0,2
22,PwP,11,0,,1050.0,540.0,36,5.0,0.0,0.0,0,2
23,Group,11,0,,2160.0,135.0,9,5.0,0.0,0.0,0,2
24,PwP,12,0,,1185.0,600.0,40,6.0,0.0,0.0,0,2
25,Group,12,0,,2160.0,135.0,9,5.0,0.0,0.0,0,2
26,PwP,13,0,,1275.0,645.0,43,7.0,0.0,0.0,0,2
27,Group,13,0,,2160.0,135.0,9,5.0,0.0,0.0,0,2
28,PwP,14,0,,1395.0,705.0,47,7.0,0.0,0.0,0,2
29,Group,14,0,,2160.0,135.0,9,5.0,0.0,0.0,0,2
30,PwP,15,0,,1485.0,750.0,50,7.0,0.0,0.0,0,2
31,Group,15,0,,2160.0,135.0,9,5.0,0.0,0.0,0,2
32,PwP,16,0,,1605.0,810.0,54,7.0,0.0,0.0,1,2
33,Group,16,0,,2160.0,135.0,9,5.0,0.0,0.0,0,2
34,PwP,17,0,,1725.0,870.0,58,10.0,0.0,0.0,1,2
35,Group,17,0,,2160.0,135.0,9,5.0,0.0,0.0,0,2
36,PwP,18,0,,1755.0,885.0,59,10.0,0.0,0.0,1,2
37,Group,18,2,,2880.0,180.0,12,5.0,0.0,0.0,0,2
38,PwP,19,0,,1815.0,915.0,61,11.0,0.0,0.0,1,2
39,Group,19,2,,3600.0,225.0,15,7.0,0.0,0.0,0,2
40,PwP,20,0,,1905.0,960.0,64,11.0,0.0,0.0,1,2
41,Group,20,1,,4320.0,270.0,18,8.0,0.0,0.0,0,2
42,PwP,21,0,,2040.0,1020.0,68,13.0,0.0,0.0,1,2
43,Group,21,0,,4800.0,300.0,20,8.0,0.0,0.0,0,2
44,PwP,22,0,,2130.0,1065.0,71,13.0,0.0,0.0,1,2
45,Group,22,0,,4800.0,300.0,20,8.0,0.0,0.0,0,2
46,PwP,23,0,,2265.0,1125.0,75,15.0,0.0,0.0,1,2
47,Group,23,0,,4800.0,300.0,20,8.0,0.0,0.0,0,2
48,PwP,24,0,,2415.0,1200.0,80,16.0,0.0,0.0,1,2
49,Group,24,0,,4800.0,300.0,20,8.0,0.0,0.0,0,2
50,PwP,25,0,,2505.0,1245.0,83,18.0,0.0,0.0,1,2
51,Group,25,0,,4800.0,300.0,20,8.0,0.0,0.0,0,2
52,PwP,26,0,,2595.0,1290.0,86,18.0,0.0,0.0,1,2
53,Group,26,0,,4800.0,300.0,20,8.0,0.0,0.0,0,2
54,PwP,27,0,,2655.0,1320.0,88,18.0,0.0,0.0,1,2
55,Group,27,0,,4800.0,300.0,20,8.0,0.0,0.0,0,2
56,PwP,28,0,,2745.0,1365.0,91,19.0,0.0,0.0,1,2
57,Group,28,0,,4800.0,300.0,20,8.0,0.0,0.0,0,2
58,PwP,29,0,,2775.0,1380.0,92,20.0,0.0,0.0,1,2
59,Group,29,1,,5520.0,345.0,23,10.0,0.0,0.0,0,2
60,PwP,30,0,,2835.0,1410.0,94,20.0,0.0,0.0,1,2
61,Group,30,1,,6000.0,390.0,26,11.0,0.0,0.0,0,2
62,PwP,31,0,,2895.0,1440.0,96,20.0,0.0,0.0,1,2
63,Group,31,1,,6720.0,435.0,29,12.0,0.0,0.0,0,2
64,PwP,32,0,,3015.0,1500.0,100,22.0,0.0,0.0,1,2
65,Group,32,0,,6960.0,450.0,30,12.0,0.0,0.0,0,2
66,PwP,33,0,,3045.0,1515.0,101,22.0,0.0,0.0,1,2
67,Group,33,0,,6960.0,450.0,30,12.0,0.0,0.0,0,2
68,PwP,34,0,,3165.0,1575.0,105,22.0,0.0,0.0,1,2
69,Group,34,0,,6960.0,450.0,30,12.0,0.0,0.0,0,2
70,PwP,35,0,,3225.0,1605.0,107,23.0,0.0,0.0,1,2
71,Group,35,0,,6960.0,450.0,30,12.0,0.0,0.0,0,2
72,PwP,36,0,,3345.0,1665.0,111,23.0,0.0,0.0,1,2
73,Group,36,0,,6960.0,450.0,30,12.0,0.0,0.0,0,2
74,PwP,37,0,,3435.0,1710.0,114,24.0,0.0,0.0,1,2
75,Group,37,1,,7680.0,495.0,33,13.0,0.0,0.0,0,2
76,PwP,38,0,,3555.0,1770.0,118,25.0,0.0,0.0,1,2
77,Group,38,1,,8400.0,540.0,36,13.0,0.0,0.0,0,2
78,PwP,39,0,,3585.0,1785.0,119,26.0,0.0,0.0,1,2
79,Group,39,0,,9120.0,585.0,39,15.0,0.0,0.0,0,2
80,PwP,40,0,,3675.0,1830.0,122,27.0,0.0,0.0,1,2
81,Group,40,0,,9120.0,585.0,39,15.0,0.0,0.0,0,2
82,PwP,41,0,,3795.0,1905.0,127,28.0,0.0,0.0,1,2
83,Group,41,0,,9120.0,585.0,39,15.0,0.0,0.0,0,2
84,PwP,42,0,,3855.0,1935.0,129,29.0,0.0,0.0,1,2
85,Group,42,0,,9120.0,585.0,39,15.0,0.0,0.0,0,2
86,PwP,43,0,,3915.0,1965.0,131,29.0,0.0,0.0,1,2
87,Group,43,0,,9120.0,585.0,39,15.0,0.0,0.0,0,2
88,PwP,44,0,,4005.0,2025.0,135,32.0,0.0,0.0,1,2
89,Group,44,0,,9120.0,585.0,39,15.0,0.0,0.0,0,2
90,PwP,45,0,,4095.0,2070.0,138,33.0,0.0,0.0,1,2
91,Group,45,0,,9120.0,585.0,39,15.0,0.0,0.0,0,2
92,PwP,46,0,,4215.0,2130.0,142,35.0,0.0,0.0,0,2
93,Group,46,0,,9120.0,585.0,39,15.0,0.0,0.0,0,2
94,PwP,47,0,,4335.0,2190.0,146,37.0,0.0,0.0,0,2
95,Group,47,0,,9120.0,585.0,39,15.0,0.0,0.0,0,2
96,PwP,48,0,,4335.0,2205.0,147,38.0,0.0,0.0,0,2
97,Group,48,3,,9840.0,630.0,42,17.0,0.0,0.0,0,2
98,PwP,49,0,,4395.0,2235.0,149,38.0,0.0,0.0,0,2
99,Group,49,3,,10560.0,675.0,45,19.0,0.0,0.0,0,2
100,PwP,50,0,,4530.0,2295.0,153,39.0,0.0,0.0,0,2
101,Group,50,2,,11280.0,720.0,48,21.0,0.0,0.0,0,2
102,PwP,51,0,,4620.0,2340.0,156,41.0,0.0,0.0,0,2
103,Group,51,0,,11760.0,750.0,50,21.0,0.0,0.0,0,2
0,PwP,0,0,,0.0,0.0,0,0.0,0.0,0.0,0,3
1,Group,0,0,,0.0,0.0,0,0.0,0.0,0.0,0,3
2,PwP,1,0,,120.0,60.0,4,0.0,0.0,0.0,0,3
3,Group,1,0,,0.0,0.0,0,0.0,0.0,0.0,0,3
4,PwP,2,0,,210.0,105.0,7,1.0,0.0,0.0,0,3
5,Group,2,0,,0.0,0.0,0,0.0,0.0,0.0,0,3
6,PwP,3,0,,300.0,150.0,10,2.0,0.0,0.0,0,3
7,Group,3,0,,0.0,0.0,0,0.0,0.0,0.0,0,3
8,PwP,4,0,,450.0,225.0,15,3.0,0.0,0.0,0,3
9,Group,4,0,,0.0,0.0,0,0.0,0.0,0.0,0,3
10,PwP,5,0,,540.0,270.0,18,4.0,0.0,0.0,0,3
11,Group,5,0,,0.0,0.0,0,0.0,0.0,0.0,0,3
12,PwP,6,0,,660.0,330.0,22,5.0,0.0,0.0,0,3
13,Group,6,0,,0.0,0.0,0,0.0,0.0,0.0,0,3
14,PwP,7,0,,780.0,390.0,26,6.0,0.0,0.0,0,3
15,Group,7,0,,0.0,0.0,0,0.0,0.0,0.0,0,3
16,PwP,8,0,,930.0,465.0,31,8.0,0.0,0.0,0,3
17,Group,8,0,,0.0,0.0,0,0.0,0.0,0.0,0,3
18,PwP,9,0,,1020.0,510.0,34,9.0,0.0,0.0,0,3
19,Group,9,0,,0.0,0.0,0,0.0,0.0,0.0,0,3
20,PwP,10,0,,1140.0,570.0,38,10.0,0.0,0.0,0,3
21,Group,10,0,,0.0,0.0,0,0.0,0.0,0.0,0,3
22,PwP,11,0,,1230.0,615.0,41,11.0,0.0,0.0,0,3
23,Group,11,0,,0.0,0.0,0,0.0,0.0,0.0,0,3
24,PwP,12,0,,1350.0,675.0,45,11.0,0.0,0.0,0,3
25,Group,12,0,,0.0,0.0,0,0.0,0.0,0.0,0,3
26,PwP,13,0,,1470.0,735.0,49,11.0,0.0,0.0,0,3
27,Group,13,0,,0.0,0.0,0,0.0,0.0,0.0,0,3
28,PwP,14,0,,1575.0,780.0,52,13.0,0.0,0.0,0,3
29,Group,14,1,,720.0,45.0,3,1.0,0.0,0.0,0,3
30,PwP,15,0,,1695.0,840.0,56,14.0,0.0,0.0,0,3
31,Group,15,1,,1440.0,90.0,6,1.0,0.0,0.0,0,3
32,PwP,16,0,,1785.0,900.0,60,16.0,0.0,0.0,0,3
33,Group,16,0,,1680.0,105.0,7,1.0,0.0,0.0,0,3
34,PwP,17,0,,1845.0,930.0,62,17.0,0.0,0.0,0,3
35,Group,17,0,,1680.0,105.0,7,1.0,0.0,0.0,0,3
36,PwP,18,0,,1965.0,990.0,66,17.0,0.0,0.0,0,3
37,Group,18,0,,1680.0,105.0,7,1.0,0.0,0.0,0,3
38,PwP,19,0,,2085.0,1050.0,70,17.0,0.0,0.0,0,3
39,Group,19,0,,1680.0,105.0,7,1.0,0.0,0.0,0,3
40,PwP,20,0,,2205.0,1110.0,74,18.0,0.0,0.0,0,3
41,Group,20,0,,1680.0,105.0,7,1.0,0.0,0.0,0,3
42,PwP,21,0,,2325.0,1170.0,78,18.0,0.0,0.0,0,3
43,Group,21,0,,1680.0,105.0,7,1.0,0.0,0.0,0,3
44,PwP,22,0,,2385.0,1200.0,80,18.0,0.0,0.0,0,3
45,Group,22,0,,1680.0,105.0,7,1.0,0.0,0.0,0,3
46,PwP,23,0,,2520.0,1275.0,85,22.0,0.0,0.0,0,3
47,Group,23,0,,1680.0,105.0,7,1.0,0.0,0.0,0,3
48,PwP,24,0,,2640.0,1335.0,89,23.0,0.0,0.0,0,3
49,Group,24,0,,1680.0,105.0,7,1.0,0.0,0.0,0,3
50,PwP,25,0,,2760.0,1395.0,93,24.0,0.0,0.0,0,3
51,Group,25,0,,1680.0,105.0,7,1.0,0.0,0.0,0,3
52,PwP,26,0,,2910.0,1470.0,98,25.0,0.0,0.0,0,3
53,Group,26,0,,1680.0,105.0,7,1.0,0.0,0.0,0,3
54,PwP,27,0,,3030.0,1530.0,102,26.0,0.0,0.0,0,3
55,Group,27,0,,1680.0,105.0,7,1.0,0.0,0.0,0,3
56,PwP,28,0,,3090.0,1560.0,104,26.0,0.0,0.0,0,3
57,Group,28,0,,1680.0,105.0,7,1.0,0.0,0.0,0,3
58,PwP,29,0,,3180.0,1605.0,107,27.0,0.0,0.0,0,3
59,Group,29,1,,2400.0,150.0,10,2.0,0.0,0.0,0,3
60,PwP,30,0,,3270.0,1665.0,111,29.0,0.0,0.0,0,3
61,Group,30,1,,3120.0,195.0,13,4.0,0.0,0.0,0,3
62,PwP,31,0,,3360.0,1710.0,114,30.0,0.0,0.0,0,3
63,Group,31,0,,3840.0,240.0,16,6.0,0.0,0.0,0,3
64,PwP,32,0,,3510.0,1785.0,119,33.0,0.0,0.0,0,3
65,Group,32,0,,3840.0,240.0,16,6.0,0.0,0.0,0,3
66,PwP,33,0,,3630.0,1845.0,123,34.0,0.0,0.0,0,3
67,Group,33,0,,3840.0,240.0,16,6.0,0.0,0.0,0,3
68,PwP,34,0,,3690.0,1875.0,125,34.0,0.0,0.0,0,3
69,Group,34,0,,3840.0,240.0,16,6.0,0.0,0.0,0,3
70,PwP,35,0,,3855.0,1950.0,130,35.0,0.0,0.0,0,3
71,Group,35,0,,3840.0,240.0,16,6.0,0.0,0.0,0,3
72,PwP,36,0,,3945.0,1995.0,133,37.0,0.0,0.0,0,3
73,Group,36,0,,3840.0,240.0,16,6.0,0.0,0.0,0,3
74,PwP,37,0,,4095.0,2070.0,138,37.0,0.0,0.0,0,3
75,Group,37,0,,3840.0,240.0,16,6.0,0.0,0.0,0,3
76,PwP,38,0,,4245.0,2145.0,143,38.0,0.0,0.0,0,3
77,Group,38,0,,3840.0,240.0,16,6.0,0.0,0.0,0,3
78,PwP,39,0,,4275.0,2175.0,145,39.0,0.0,0.0,0,3
79,Group,39,0,,3840.0,240.0,16,6.0,0.0,0.0,0,3
80,PwP,40,0,,4380.0,2220.0,148,40.0,0.0,0.0,0,3
81,Group,40,0,,3840.0,240.0,16,6.0,0.0,0.0,0,3
82,PwP,41,0,,4440.0,2250.0,150,40.0,0.0,0.0,0,3
83,Group,41,0,,3840.0,240.0,16,6.0,0.0,0.0,0,3
84,PwP,42,0,,4530.0,2295.0,153,42.0,0.0,0.0,0,3
85,Group,42,0,,3840.0,240.0,16,6.0,0.0,0.0,0,3
86,PwP,43,0,,4620.0,2340.0,156,43.0,0.0,0.0,0,3
87,Group,43,0,,3840.0,240.0,16,6.0,0.0,0.0,0,3
88,PwP,44,0,,4710.0,2385.0,159,44.0,0.0,0.0,0,3
89,Group,44,0,,3840.0,240.0,16,6.0,0.0,0.0,0,3
90,PwP,45,0,,4830.0,2445.0,163,45.0,0.0,0.0,0,3
91,Group,45,0,,3840.0,240.0,16,6.0,0.0,0.0,0,3
92,PwP,46,0,,4920.0,2490.0,166,46.0,0.0,0.0,0,3
93,Group,46,2,,4560.0,285.0,19,8.0,0.0,0.0,0,3
94,PwP,47,0,,5010.0,2535.0,169,47.0,0.0,0.0,0,3
95,Group,47,2,,5040.0,330.0,22,10.0,0.0,0.0,0,3
96,PwP,48,0,,5070.0,2565.0,171,47.0,0.0,0.0,0,3
97,Group,48,1,,5520.0,375.0,25,12.0,0.0,0.0,0,3
98,PwP,49,0,,5100.0,2595.0,173,48.0,0.0,0.0,0,3
99,Group,49,0,,6240.0,420.0,28,13.0,0.0,0.0,0,3
100,PwP,50,0,,5160.0,2625.0,175,48.0,0.0,0.0,0,3
101,Group,50,0,,6240.0,420.0,28,13.0,0.0,0.0,0,3
102,PwP,51,0,,5250.0,2670.0,178,48.0,0.0,0.0,0,3
103,Group,51,0,,6240.0,420.0,28,13.0,0.0,0.0,0,3
0,PwP,0,0,,0.0,0.0,0,0.0,0.0,0.0,0,4
1,Group,0,0,,0.0,0.0,0,0.0,0.0,0.0,0,4
2,PwP,1,0,,120.0,60.0,4,0.0,0.0,0.0,1,4
3,Group,1,0,,0.0,0.0,0,0.0,0.0,0.0,0,4
4,PwP,2,0,,210.0,105.0,7,0.0,0.0,0.0,1,4
5,Group,2,0,,0.0,0.0,0,0.0,0.0,0.0,0,4
6,PwP,3,0,,300.0,150.0,10,1.0,0.0,0.0,1,4
7,Group,3,0,,0.0,0.0,0,0.0,0.0,0.0,0,4
8,PwP,4,0,,420.0,210.0,14,3.0,0.0,0.0,1,4
9,Group,4,0,,0.0,0.0,0,0.0,0.0,0.0,0,4
10,PwP,5,0,,570.0,285.0,19,3.0,0.0,0.0,1,4
11,Group,5,0,,0.0,0.0,0,0.0,0.0,0.0,0,4
12,PwP,6,0,,690.0,345.0,23,5.0,0.0,0.0,1,4
13,Group,6,0,,0.0,0.0,0,0.0,0.0,0.0,0,4
14,PwP,7,0,,780.0,390.0,26,7.0,0.0,0.0,1,4
15,Group,7,0,,0.0,0.0,0,0.0,0.0,0.0,0,4
16,PwP,8,0,,840.0,420.0,28,7.0,0.0,0.0,1,4
17,Group,8,0,,0.0,0.0,0,0.0,0.0,0.0,0,4
18,PwP,9,0,,945.0,465.0,31,8.0,0.0,0.0,1,4
19,Group,9,0,,0.0,0.0,0,0.0,0.0,0.0,0,4
20,PwP,10,0,,1005.0,495.0,33,8.0,0.0,0.0,1,4
21,Group,10,0,,0.0,0.0,0,0.0,0.0,0.0,0,4
22,PwP,11,0,,1125.0,555.0,37,8.0,0.0,0.0,1,4
23,Group,11,0,,0.0,0.0,0,0.0,0.0,0.0,0,4
24,PwP,12,0,,1215.0,600.0,40,9.0,0.0,0.0,1,4
25,Group,12,1,,720.0,45.0,3,2.0,0.0,0.0,0,4
26,PwP,13,0,,1335.0,660.0,44,11.0,0.0,0.0,1,4
27,Group,13,1,,1440.0,90.0,6,3.0,0.0,0.0,0,4
28,PwP,14,0,,1335.0,660.0,44,11.0,0.0,0.0,1,4
29,Group,14,1,,2160.0,135.0,9,5.0,0.0,0.0,0,4
30,PwP,15,0,,1425.0,705.0,47,11.0,0.0,0.0,1,4
31,Group,15,0,,2880.0,180.0,12,5.0,0.0,0.0,0,4
32,PwP,16,0,,1485.0,750.0,50,12.0,0.0,0.0,1,4
33,Group,16,0,,2880.0,180.0,12,5.0,0.0,0.0,0,4
34,PwP,17,0,,1635.0,825.0,55,12.0,0.0,0.0,1,4
35,Group,17,0,,2880.0,180.0,12,5.0,0.0,0.0,0,4
36,PwP,18,0,,1725.0,870.0,58,14.0,0.0,0.0,1,4
37,Group,18,0,,2880.0,180.0,12,5.0,0.0,0.0,0,4
38,PwP,19,0,,1845.0,930.0,62,17.0,0.0,0.0,1,4
39,Group,19,0,,2880.0,180.0,12,5.0,0.0,0.0,0,4
40,PwP,20,0,,1995.0,1005.0,67,17.0,0.0,0.0,1,4
41,Group,20,0,,2880.0,180.0,12,5.0,0.0,0.0,0,4
42,PwP,21,0,,2115.0,1065.0,71,17.0,0.0,0.0,1,4
43,Group,21,0,,2880.0,180.0,12,5.0,0.0,0.0,0,4
44,PwP,22,0,,2235.0,1125.0,75,17.0,0.0,0.0,1,4
45,Group,22,0,,2880.0,180.0,12,5.0,0.0,0.0,0,4
46,PwP,23,0,,2325.0,1170.0,78,18.0,0.0,0.0,1,4
47,Group,23,0,,2880.0,180.0,12,5.0,0.0,0.0,0,4
48,PwP,24,0,,2415.0,1215.0,81,20.0,0.0,0.0,1,4
49,Group,24,0,,2880.0,180.0,12,5.0,0.0,0.0,0,4
50,PwP,25,0,,2505.0,1260.0,84,21.0,0.0,0.0,1,4
51,Group,25,1,,3600.0,225.0,15,7.0,0.0,0.0,0,4
52,PwP,26,0,,2595.0,1305.0,87,22.0,0.0,0.0,1,4
53,Group,26,1,,4320.0,270.0,18,9.0,0.0,0.0,0,4
54,PwP,27,0,,2655.0,1335.0,89,23.0,0.0,0.0,1,4
55,Group,27,0,,4800.0,315.0,21,10.0,0.0,0.0,0,4
56,PwP,28,0,,2775.0,1395.0,93,25.0,0.0,0.0,1,4
57,Group,28,0,,4800.0,315.0,21,10.0,0.0,0.0,0,4
58,PwP,29,0,,2910.0,1455.0,97,27.0,0.0,0.0,1,4
59,Group,29,0,,4800.0,315.0,21,10.0,0.0,0.0,0,4
60,PwP,30,0,,3000.0,1500.0,100,27.0,0.0,0.0,1,4
61,Group,30,0,,4800.0,315.0,21,10.0,0.0,0.0,0,4
62,PwP,31,0,,3060.0,1530.0,102,28.0,0.0,0.0,1,4
63,Group,31,0,,4800.0,315.0,21,10.0,0.0,0.0,0,4
64,PwP,32,0,,3180.0,1590.0,106,29.0,0.0,0.0,2,4
65,Group,32,0,,4800.0,315.0,21,10.0,0.0,0.0,0,4
66,PwP,33,0,,3330.0,1665.0,111,29.0,0.0,0.0,2,4
67,Group,33,0,,4800.0,315.0,21,10.0,0.0,0.0,0,4
68,PwP,34,0,,3390.0,1695.0,113,30.0,0.0,0.0,2,4
69,Group,34,1,,5520.0,360.0,24,11.0,0.0,0.0,0,4
70,PwP,35,0,,3510.0,1755.0,117,30.0,0.0,0.0,2,4
71,Group,35,1,,6240.0,405.0,27,12.0,0.0,0.0,0,4
72,PwP,36,0,,3570.0,1785.0,119,30.0,0.0,0.0,2,4
73,Group,36,1,,6960.0,450.0,30,13.0,0.0,0.0,0,4
74,PwP,37,0,,3660.0,1830.0,122,30.0,0.0,0.0,2,4
75,Group,37,0,,7440.0,480.0,32,14.0,0.0,0.0,0,4
76,PwP,38,0,,3750.0,1890.0,126,34.0,0.0,0.0,1,4
77,Group,38,0,,7440.0,480.0,32,14.0,0.0,0.0,0,4
78,PwP,39,0,,3870.0,1950.0,130,34.0,0.0,0.0,1,4
79,Group,39,0,,7440.0,480.0,32,14.0,0.0,0.0,0,4
80,PwP,40,0,,4005.0,2025.0,135,37.0,0.0,0.0,1,4
81,Group,40,0,,7440.0,480.0,32,14.0,0.0,0.0,0,4
82,PwP,41,0,,4095.0,2070.0,138,38.0,0.0,0.0,1,4
83,Group,41,0,,7440.0,480.0,32,14.0,0.0,0.0,0,4
84,PwP,42,0,,4155.0,2100.0,140,38.0,0.0,0.0,1,4
85,Group,42,0,,7440.0,480.0,32,14.0,0.0,0.0,0,4
86,PwP,43,0,,4275.0,2160.0,144,40.0,0.0,0.0,1,4
87,Group,43,0,,7440.0,480.0,32,14.0,0.0,0.0,0,4
88,PwP,44,0,,4410.0,2220.0,148,41.0,0.0,0.0,1,4
89,Group,44,0,,7440.0,480.0,32,14.0,0.0,0.0,0,4
90,PwP,45,0,,4530.0,2280.0,152,42.0,0.0,0.0,1,4
91,Group,45,0,,7440.0,480.0,32,14.0,0.0,0.0,0,4
92,PwP,46,0,,4680.0,2355.0,157,43.0,0.0,0.0,1,4
93,Group,46,0,,7440.0,480.0,32,14.0,0.0,0.0,0,4
94,PwP,47,0,,4740.0,2385.0,159,44.0,0.0,0.0,1,4
95,Group,47,0,,7440.0,480.0,32,14.0,0.0,0.0,0,4
96,PwP,48,0,,4815.0,2415.0,161,45.0,0.0,0.0,1,4
97,Group,48,2,,8160.0,525.0,35,16.0,0.0,0.0,0,4
98,PwP,49,0,,4875.0,2445.0,163,45.0,0.0,0.0,1,4
99,Group,49,2,,8880.0,570.0,38,18.0,0.0,0.0,0,4
100,PwP,50,0,,4935.0,2475.0,165,45.0,0.0,0.0,1,4
101,Group,50,2,,9600.0,615.0,41,19.0,0.0,0.0,0,4
102,PwP,51,0,,4965.0,2490.0,166,45.0,0.0,0.0,1,4
103,Group,51,2,,10320.0,660.0,44,20.0,0.0,0.0,0,4
0,PwP,0,0,,0.0,0.0,0,0.0,0.0,0.0,0,5
1,Group,0,0,,0.0,0.0,0,0.0,0.0,0.0,0,5
2,PwP,1,0,0.0,120.0,60.0,4,1.0,0.0,1.0,0,5
3,Group,1,0,,0.0,0.0,0,0.0,0.0,0.0,0,5
4,PwP,2,0,0.0,210.0,105.0,7,2.0,0.0,1.0,0,5
5,Group,2,0,,0.0,0.0,0,0.0,0.0,0.0,0,5
6,PwP,3,0,0.0,330.0,180.0,12,6.0,0.0,1.0,0,5
7,Group,3,0,,0.0,0.0,0,0.0,0.0,0.0,0,5
8,PwP,4,0,0.0,390.0,210.0,14,7.0,0.0,1.0,0,5
9,Group,4,0,,0.0,0.0,0,0.0,0.0,0.0,0,5
10,PwP,5,0,0.0,480.0,255.0,17,8.0,0.0,1.0,0,5
11,Group,5,0,,0.0,0.0,0,0.0,0.0,0.0,0,5
12,PwP,6,0,0.0,570.0,300.0,20,9.0,0.0,1.0,0,5
13,Group,6,0,,0.0,0.0,0,0.0,0.0,0.0,0,5
14,PwP,7,0,0.0,690.0,360.0,24,10.0,0.0,1.0,0,5
15,Group,7,0,,0.0,0.0,0,0.0,0.0,0.0,0,5
16,PwP,8,0,0.0,840.0,435.0,29,11.0,0.0,1.0,0,5
17,Group,8,0,,0.0,0.0,0,0.0,0.0,0.0,0,5
18,PwP,9,0,0.0,990.0,510.0,34,11.0,0.0,1.0,0,5
19,Group,9,0,,0.0,0.0,0,0.0,0.0,0.0,0,5
20,PwP,10,0,0.0,1080.0,555.0,37,12.0,0.0,1.0,0,5
21,Group,10,0,,0.0,0.0,0,0.0,0.0,0.0,0,5
22,PwP,11,0,0.0,1140.0,585.0,39,12.0,0.0,1.0,0,5
23,Group,11,0,,0.0,0.0,0,0.0,0.0,0.0,0,5
24,PwP,12,0,0.0,1200.0,615.0,41,13.0,0.0,1.0,0,5
25,Group,12,2,,720.0,45.0,3,2.0,0.0,0.0,0,5
26,PwP,13,0,0.0,1320.0,675.0,45,14.0,0.0,1.0,0,5
27,Group,13,2,,1440.0,90.0,6,3.0,0.0,0.0,0,5
28,PwP,14,0,0.0,1410.0,720.0,48,15.0,0.0,1.0,0,5
29,Group,14,0,,2160.0,135.0,9,5.0,0.0,0.0,0,5
30,PwP,15,0,0.0,1470.0,750.0,50,15.0,0.0,1.0,0,5
31,Group,15,0,,2160.0,135.0,9,5.0,0.0,0.0,0,5
32,PwP,16,0,0.0,1560.0,795.0,53,15.0,0.0,1.0,0,5
33,Group,16,0,,2160.0,135.0,9,5.0,0.0,0.0,0,5
34,PwP,17,0,0.0,1680.0,855.0,57,15.0,0.0,1.0,0,5
35,Group,17,0,,2160.0,135.0,9,5.0,0.0,0.0,0,5
36,PwP,18,0,0.0,1830.0,930.0,62,16.0,0.0,1.0,0,5
37,Group,18,0,,2160.0,135.0,9,5.0,0.0,0.0,0,5
38,PwP,19,0,0.0,1890.0,960.0,64,16.0,0.0,1.0,0,5
39,Group,19,0,,2160.0,135.0,9,5.0,0.0,0.0,0,5
40,PwP,20,0,0.0,2010.0,1020.0,68,18.0,0.0,1.0,0,5
41,Group,20,0,,2160.0,135.0,9,5.0,0.0,0.0,0,5
42,PwP,21,0,0.0,2130.0,1080.0,72,19.0,0.0,1.0,0,5
43,Group,21,0,,2160.0,135.0,9,5.0,0.0,0.0,0,5
44,PwP,22,0,0.0,2250.0,1140.0,76,21.0,0.0,1.0,0,5
45,Group,22,1,,2640.0,180.0,12,6.0,0.0,0.0,0,5
46,PwP,23,0,0.0,2400.0,1215.0,81,23.0,0.0,1.0,0,5
47,Group,23,1,,3360.0,225.0,15,9.0,0.0,0.0,0,5
48,PwP,24,0,0.0,2520.0,1275.0,85,25.0,0.0,1.0,0,5
49,Group,24,0,,3840.0,255.0,17,10.0,0.0,0.0,0,5
50,PwP,25,0,0.0,2640.0,1335.0,89,27.0,0.0,1.0,1,5
51,Group,25,0,,3840.0,255.0,17,10.0,0.0,0.0,0,5
52,PwP,26,0,0.0,2700.0,1365.0,91,28.0,0.0,1.0,1,5
53,Group,26,0,,3840.0,255.0,17,10.0,0.0,0.0,0,5
54,PwP,27,0,0.0,2760.0,1395.0,93,28.0,0.0,1.0,1,5
55,Group,27,0,,3840.0,255.0,17,10.0,0.0,0.0,0,5
56,PwP,28,0,0.0,2895.0,1455.0,97,30.0,0.0,1.0,1,5
57,Group,28,0,,3840.0,255.0,17,10.0,0.0,0.0,0,5
58,PwP,29,0,0.0,2925.0,1470.0,98,30.0,0.0,1.0,1,5
59,Group,29,0,,3840.0,255.0,17,10.0,0.0,0.0,0,5
60,PwP,30,0,0.0,3015.0,1530.0,102,33.0,0.0,1.0,1,5
61,Group,30,0,,3840.0,255.0,17,10.0,0.0,0.0,0,5
62,PwP,31,0,0.0,3105.0,1575.0,105,35.0,0.0,1.0,1,5
63,Group,31,0,,3840.0,255.0,17,10.0,0.0,0.0,0,5
64,PwP,32,0,0.0,3195.0,1620.0,108,36.0,0.0,1.0,1,5
65,Group,32,0,,3840.0,255.0,17,10.0,0.0,0.0,0,5
66,PwP,33,0,0.0,3345.0,1695.0,113,38.0,0.0,1.0,1,5
67,Group,33,0,,3840.0,255.0,17,10.0,0.0,0.0,0,5
68,PwP,34,0,0.0,3435.0,1740.0,116,39.0,0.0,1.0,1,5
69,Group,34,0,,3840.0,255.0,17,10.0,0.0,0.0,0,5
70,PwP,35,0,0.0,3555.0,1800.0,120,39.0,0.0,1.0,1,5
71,Group,35,0,,3840.0,255.0,17,10.0,0.0,0.0,0,5
72,PwP,36,0,0.0,3645.0,1845.0,123,39.0,0.0,1.0,1,5
73,Group,36,1,,4560.0,300.0,20,10.0,0.0,0.0,0,5
74,PwP,37,0,0.0,3780.0,1905.0,127,40.0,0.0,1.0,1,5
75,Group,37,1,,5280.0,345.0,23,10.0,0.0,0.0,0,5
76,PwP,38,0,0.0,3930.0,1980.0,132,43.0,0.0,1.0,1,5
77,Group,38,0,,5520.0,360.0,24,11.0,0.0,0.0,0,5
78,PwP,39,0,0.0,3990.0,2010.0,134,43.0,0.0,1.0,1,5
79,Group,39,0,,5520.0,360.0,24,11.0,0.0,0.0,0,5
80,PwP,40,0,0.0,4050.0,2040.0,136,43.0,0.0,1.0,1,5
81,Group,40,0,,5520.0,360.0,24,11.0,0.0,0.0,0,5
82,PwP,41,0,0.0,4140.0,2085.0,139,44.0,0.0,1.0,2,5
83,Group,41,0,,5520.0,360.0,24,11.0,0.0,0.0,0,5
84,PwP,42,0,0.0,4230.0,2145.0,143,46.0,0.0,1.0,2,5
85,Group,42,0,,5520.0,360.0,24,11.0,0.0,0.0,0,5
86,PwP,43,0,0.0,4320.0,2190.0,146,46.0,0.0,1.0,2,5
87,Group,43,0,,5520.0,360.0,24,11.0,0.0,0.0,0,5
88,PwP,44,0,0.0,4455.0,2250.0,150,47.0,0.0,1.0,2,5
89,Group,44,0,,5520.0,360.0,24,11.0,0.0,0.0,0,5
90,PwP,45,0,0.0,4545.0,2295.0,153,47.0,0.0,1.0,2,5
91,Group,45,2,,6240.0,405.0,27,13.0,0.0,0.0,0,5
92,PwP,46,0,0.0,4665.0,2355.0,157,48.0,0.0,1.0,2,5
93,Group,46,2,,6960.0,450.0,30,15.0,0.0,0.0,0,5
94,PwP,47,0,0.0,4815.0,2430.0,162,49.0,0.0,1.0,2,5
95,Group,47,0,,7440.0,480.0,32,17.0,0.0,0.0,0,5
96,PwP,48,0,0.0,4875.0,2460.0,164,49.0,0.0,1.0,2,5
97,Group,48,0,,7440.0,480.0,32,17.0,0.0,0.0,0,5
98,PwP,49,0,0.0,4995.0,2520.0,168,50.0,0.0,1.0,2,5
99,Group,49,0,,7440.0,480.0,32,17.0,0.0,0.0,0,5
100,PwP,50,0,0.0,5115.0,2580.0,172,50.0,0.0,1.0,2,5
101,Group,50,0,,7440.0,480.0,32,17.0,0.0,0.0,0,5
102,PwP,51,0,0.0,5235.0,2640.0,176,51.0,0.0,1.0,2,5
103,Group,51,0,,7440.0,480.0,32,17.0,0.0,0.0,0,5
0,PwP,0,0,,0.0,0.0,0,0.0,0.0,0.0,0,6
1,Group,0,0,,0.0,0.0,0,0.0,0.0,0.0,0,6
2,PwP,1,0,,90.0,60.0,4,2.0,0.0,0.0,0,6
3,Group,1,0,,0.0,0.0,0,0.0,0.0,0.0,0,6
4,PwP,2,0,,120.0,75.0,5,2.0,0.0,0.0,1,6
5,Group,2,0,,0.0,0.0,0,0.0,0.0,0.0,0,6
6,PwP,3,0,,270.0,150.0,10,5.0,0.0,0.0,1,6
7,Group,3,0,,0.0,0.0,0,0.0,0.0,0.0,0,6
8,PwP,4,0,,330.0,180.0,12,6.0,0.0,0.0,1,6
9,Group,4,0,,0.0,0.0,0,0.0,0.0,0.0,0,6
10,PwP,5,0,,390.0,210.0,14,6.0,0.0,0.0,2,6
11,Group,5,0,,0.0,0.0,0,0.0,0.0,0.0,0,6
12,PwP,6,0,,420.0,225.0,15,6.0,0.0,0.0,2,6
13,Group,6,0,,0.0,0.0,0,0.0,0.0,0.0,0,6
14,PwP,7,0,,480.0,255.0,17,7.0,0.0,0.0,2,6
15,Group,7,0,,0.0,0.0,0,0.0,0.0,0.0,0,6
16,PwP,8,0,,600.0,315.0,21,7.0,0.0,0.0,2,6
17,Group,8,0,,0.0,0.0,0,0.0,0.0,0.0,0,6
18,PwP,9,0,,690.0,360.0,24,7.0,0.0,0.0,2,6
19,Group,9,1,,720.0,45.0,3,2.0,0.0,0.0,0,6
20,PwP,10,0,,840.0,435.0,29,7.0,0.0,0.0,3,6
21,Group,10,1,,1440.0,90.0,6,4.0,0.0,0.0,0,6
22,PwP,11,0,,960.0,495.0,33,8.0,0.0,0.0,3,6
23,Group,11,0,,1680.0,105.0,7,4.0,0.0,0.0,0,6
24,PwP,12,0,,1050.0,540.0,36,9.0,0.0,0.0,3,6
25,Group,12,0,,1680.0,105.0,7,4.0,0.0,0.0,0,6
26,PwP,13,0,,1140.0,585.0,39,11.0,0.0,0.0,3,6
27,Group,13,0,,1680.0,105.0,7,4.0,0.0,0.0,0,6
28,PwP,14,0,,1200.0,615.0,41,11.0,0.0,0.0,3,6
29,Group,14,0,,1680.0,105.0,7,4.0,0.0,0.0,0,6
30,PwP,15,0,,1290.0,660.0,44,11.0,0.0,0.0,3,6
31,Group,15,0,,1680.0,105.0,7,4.0,0.0,0.0,0,6
32,PwP,16,0,,1350.0,690.0,46,12.0,0.0,0.0,3,6
33,Group,16,0,,1680.0,105.0,7,4.0,0.0,0.0,0,6
34,PwP,17,0,,1440.0,735.0,49,12.0,0.0,0.0,3,6
35,Group,17,0,,1680.0,105.0,7,4.0,0.0,0.0,0,6
36,PwP,18,0,,1560.0,795.0,53,12.0,0.0,0.0,2,6
37,Group,18,0,,1680.0,105.0,7,4.0,0.0,0.0,0,6
38,PwP,19,0,,1620.0,840.0,56,14.0,0.0,0.0,2,6
39,Group,19,0,,1680.0,105.0,7,4.0,0.0,0.0,0,6
40,PwP,20,0,,1710.0,885.0,59,15.0,0.0,0.0,2,6
41,Group,20,1,,2400.0,150.0,10,5.0,0.0,0.0,0,6
42,PwP,21,0,,1800.0,930.0,62,15.0,0.0,0.0,3,6
43,Group,21,1,,3120.0,195.0,13,6.0,0.0,0.0,0,6
44,PwP,22,0,,1950.0,1005.0,67,18.0,0.0,0.0,3,6
45,Group,22,0,,3840.0,240.0,16,7.0,0.0,0.0,0,6
46,PwP,23,0,,2010.0,1035.0,69,19.0,0.0,0.0,4,6
47,Group,23,0,,3840.0,240.0,16,7.0,0.0,0.0,0,6
48,PwP,24,0,,2160.0,1110.0,74,20.0,0.0,0.0,4,6
49,Group,24,0,,3840.0,240.0,16,7.0,0.0,0.0,0,6
50,PwP,25,0,,2250.0,1155.0,77,20.0,0.0,0.0,4,6
51,Group,25,0,,3840.0,240.0,16,7.0,0.0,0.0,0,6
52,PwP,26,0,,2340.0,1200.0,80,22.0,0.0,0.0,4,6
53,Group,26,0,,3840.0,240.0,16,7.0,0.0,0.0,0,6
54,PwP,27,0,,2430.0,1245.0,83,23.0,0.0,0.0,4,6
55,Group,27,0,,3840.0,240.0,16,7.0,0.0,0.0,0,6
56,PwP,28,0,,2490.0,1275.0,85,23.0,0.0,0.0,4,6
57,Group,28,0,,3840.0,240.0,16,7.0,0.0,0.0,0,6
58,PwP,29,0,,2550.0,1305.0,87,24.0,0.0,0.0,4,6
59,Group,29,1,,4560.0,285.0,19,8.0,0.0,0.0,0,6
60,PwP,30,0,,2610.0,1335.0,89,25.0,0.0,0.0,4,6
61,Group,30,1,,5280.0,330.0,22,9.0,0.0,0.0,0,6
62,PwP,31,0,,2670.0,1365.0,91,26.0,0.0,0.0,4,6
63,Group,31,1,,6000.0,375.0,25,11.0,0.0,0.0,0,6
64,PwP,32,0,,2865.0,1455.0,97,29.0,0.0,0.0,4,6
65,Group,32,0,,6000.0,375.0,25,10.0,0.0,0.0,0,6
66,PwP,33,0,,2925.0,1485.0,99,30.0,0.0,0.0,4,6
67,Group,33,0,,6000.0,375.0,25,10.0,0.0,0.0,0,6
68,PwP,34,0,,3075.0,1560.0,104,30.0,0.0,0.0,4,6
69,Group,34,0,,6000.0,375.0,25,10.0,0.0,0.0,0,6
70,PwP,35,0,,3225.0,1635.0,109,32.0,0.0,0.0,4,6
71,Group,35,0,,6000.0,375.0,25,10.0,0.0,0.0,0,6
72,PwP,36,0,,3255.0,1650.0,110,32.0,0.0,0.0,4,6
73,Group,36,0,,6000.0,375.0,25,10.0,0.0,0.0,0,6
74,PwP,37,0,,3345.0,1695.0,113,34.0,0.0,0.0,5,6
75,Group,37,0,,6000.0,375.0,25,10.0,0.0,0.0,0,6
76,PwP,38,0,,3465.0,1770.0,118,35.0,0.0,0.0,5,6
77,Group,38,0,,6000.0,375.0,25,10.0,0.0,0.0,0,6
78,PwP,39,0,,3525.0,1800.0,120,35.0,0.0,0.0,5,6
79,Group,39,0,,6000.0,375.0,25,10.0,0.0,0.0,0,6
80,PwP,40,0,,3615.0,1845.0,123,35.0,0.0,0.0,5,6
81,Group,40,0,,6000.0,375.0,25,10.0,0.0,0.0,0,6
82,PwP,41,0,,3720.0,1890.0,126,36.0,0.0,0.0,5,6
83,Group,41,0,,6000.0,375.0,25,10.0,0.0,0.0,0,6
84,PwP,42,0,,3825.0,1935.0,129,37.0,0.0,0.0,5,6
85,Group,42,0,,6000.0,375.0,25,10.0,0.0,0.0,0,6
86,PwP,43,0,,3855.0,1950.0,130,37.0,0.0,0.0,5,6
87,Group,43,3,,6720.0,420.0,28,11.0,0.0,0.0,0,6
88,PwP,44,0,,3915.0,1980.0,132,37.0,0.0,0.0,5,6
89,Group,44,3,,7440.0,465.0,31,12.0,0.0,0.0,0,6
90,PwP,45,0,,3975.0,2010.0,134,38.0,0.0,0.0,5,6
91,Group,45,3,,8160.0,510.0,34,12.0,0.0,0.0,0,6
92,PwP,46,0,,4035.0,2040.0,136,38.0,0.0,0.0,5,6
93,Group,46,2,,8880.0,555.0,37,13.0,0.0,0.0,0,6
94,PwP,47,0,,4125.0,2085.0,139,38.0,0.0,0.0,5,6
95,Group,47,1,,9360.0,600.0,40,15.0,0.0,0.0,0,6
96,PwP,48,0,,4155.0,2100.0,140,38.0,0.0,0.0,5,6
97,Group,48,1,,9840.0,645.0,43,18.0,0.0,0.0,0,6
98,PwP,49,0,,4245.0,2145.0,143,39.0,0.0,0.0,5,6
99,Group,49,0,,10320.0,675.0,45,19.0,0.0,0.0,0,6
100,PwP,50,0,,4335.0,2190.0,146,40.0,0.0,0.0,5,6
101,Group,50,0,,10320.0,675.0,45,19.0,0.0,0.0,0,6
102,PwP,51,0,,4425.0,2235.0,149,40.0,0.0,0.0,5,6
103,Group,51,0,,10320.0,675.0,45,19.0,0.0,0.0,0,6
0,PwP,0,0,,0.0,0.0,0,0.0,0.0,0.0,0,7
1,Group,0,0,,0.0,0.0,0,0.0,0.0,0.0,0,7
2,PwP,1,0,0.0,150.0,75.0,5,1.0,0.0,1.0,0,7
3,Group,1,0,,0.0,0.0,0,0.0,0.0,0.0,0,7
4,PwP,2,0,0.0,240.0,120.0,8,2.0,0.0,1.0,0,7
5,Group,2,0,,0.0,0.0,0,0.0,0.0,0.0,0,7
6,PwP,3,0,0.0,330.0,165.0,11,3.0,0.0,1.0,1,7
7,Group,3,0,,0.0,0.0,0,0.0,0.0,0.0,0,7
8,PwP,4,0,0.0,390.0,195.0,13,3.0,0.0,1.0,1,7
9,Group,4,0,,0.0,0.0,0,0.0,0.0,0.0,0,7
10,PwP,5,0,0.0,510.0,255.0,17,4.0,0.0,1.0,1,7
11,Group,5,0,,0.0,0.0,0,0.0,0.0,0.0,0,7
12,PwP,6,0,0.0,630.0,315.0,21,6.0,0.0,1.0,1,7
13,Group,6,0,,0.0,0.0,0,0.0,0.0,0.0,0,7
14,PwP,7,0,0.0,750.0,375.0,25,7.0,0.0,1.0,2,7
15,Group,7,0,,0.0,0.0,0,0.0,0.0,0.0,0,7
16,PwP,8,0,0.0,780.0,390.0,26,7.0,0.0,1.0,3,7
17,Group,8,0,,0.0,0.0,0,0.0,0.0,0.0,0,7
18,PwP,9,0,0.0,840.0,420.0,28,9.0,0.0,1.0,3,7
19,Group,9,0,,0.0,0.0,0,0.0,0.0,0.0,0,7
20,PwP,10,0,0.0,930.0,465.0,31,9.0,0.0,1.0,3,7
21,Group,10,2,,480.0,45.0,3,1.0,0.0,0.0,0,7
22,PwP,11,0,0.0,1005.0,495.0,33,10.0,0.0,1.0,3,7
23,Group,11,2,,1200.0,90.0,6,4.0,0.0,0.0,0,7
24,PwP,12,0,0.0,1095.0,540.0,36,11.0,0.0,1.0,3,7
25,Group,12,2,,1920.0,135.0,9,6.0,0.0,0.0,0,7
26,PwP,13,0,0.0,1215.0,600.0,40,14.0,0.0,1.0,3,7
27,Group,13,0,,2640.0,180.0,12,8.0,0.0,0.0,0,7
28,PwP,14,0,0.0,1275.0,630.0,42,14.0,0.0,1.0,3,7
29,Group,14,0,,2640.0,180.0,12,8.0,0.0,0.0,0,7
30,PwP,15,0,0.0,1365.0,675.0,45,15.0,0.0,1.0,3,7
31,Group,15,0,,2640.0,180.0,12,8.0,0.0,0.0,0,7
32,PwP,16,0,0.0,1515.0,750.0,50,18.0,0.0,1.0,3,7
33,Group,16,0,,2640.0,180.0,12,8.0,0.0,0.0,0,7
34,PwP,17,0,0.0,1635.0,810.0,54,21.0,0.0,1.0,3,7
35,Group,17,0,,2640.0,180.0,12,8.0,0.0,0.0,0,7
36,PwP,18,0,0.0,1710.0,855.0,57,23.0,0.0,1.0,3,7
37,Group,18,0,,2640.0,180.0,12,8.0,0.0,0.0,0,7
38,PwP,19,0,0.0,1860.0,930.0,62,24.0,0.0,1.0,3,7
39,Group,19,0,,2640.0,180.0,12,8.0,0.0,0.0,0,7
40,PwP,20,0,0.0,1995.0,990.0,66,25.0,0.0,1.0,2,7
41,Group,20,0,,2640.0,180.0,12,8.0,0.0,0.0,0,7
42,PwP,21,0,0.0,2115.0,1050.0,70,25.0,0.0,1.0,2,7
43,Group,21,0,,2640.0,180.0,12,8.0,0.0,0.0,0,7
44,PwP,22,0,0.0,2235.0,1110.0,74,26.0,0.0,1.0,2,7
45,Group,22,0,,2640.0,180.0,12,8.0,0.0,0.0,0,7
46,PwP,23,0,0.0,2295.0,1140.0,76,27.0,0.0,1.0,2,7
47,Group,23,0,,2640.0,180.0,12,8.0,0.0,0.0,0,7
48,PwP,24,0,0.0,2415.0,1200.0,80,28.0,0.0,1.0,2,7
49,Group,24,1,,3120.0,225.0,15,11.0,0.0,0.0,0,7
50,PwP,25,0,0.0,2535.0,1260.0,84,29.0,0.0,1.0,2,7
51,Group,25,1,,3840.0,270.0,18,13.0,0.0,0.0,0,7
52,PwP,26,0,0.0,2625.0,1305.0,87,30.0,0.0,1.0,2,7
53,Group,26,0,,4560.0,315.0,21,15.0,0.0,0.0,0,7
54,PwP,27,0,0.0,2715.0,1350.0,90,31.0,0.0,1.0,2,7
55,Group,27,0,,4560.0,315.0,21,15.0,0.0,0.0,0,7
56,PwP,28,0,0.0,2745.0,1365.0,91,32.0,0.0,1.0,1,7
57,Group,28,0,,4560.0,315.0,21,15.0,0.0,0.0,0,7
58,PwP,29,0,0.0,2865.0,1425.0,95,33.0,0.0,1.0,1,7
59,Group,29,0,,4560.0,315.0,21,15.0,0.0,0.0,0,7
60,PwP,30,0,0.0,2955.0,1470.0,98,34.0,0.0,1.0,0,7
61,Group,30,0,,4560.0,315.0,21,15.0,0.0,0.0,0,7
62,PwP,31,0,0.0,3075.0,1530.0,102,35.0,0.0,1.0,0,7
63,Group,31,0,,4560.0,315.0,21,15.0,0.0,0.0,0,7
64,PwP,32,0,0.0,3195.0,1590.0,106,37.0,0.0,1.0,0,7
65,Group,32,0,,4560.0,315.0,21,15.0,0.0,0.0,0,7
66,PwP,33,0,0.0,3315.0,1650.0,110,37.0,0.0,1.0,0,7
67,Group,33,0,,4560.0,315.0,21,15.0,0.0,0.0,0,7
68,PwP,34,0,0.0,3465.0,1725.0,115,39.0,0.0,1.0,0,7
69,Group,34,0,,4560.0,315.0,21,15.0,0.0,0.0,0,7
70,PwP,35,0,0.0,3555.0,1770.0,118,40.0,0.0,1.0,1,7
71,Group,35,2,,5280.0,360.0,24,16.0,0.0,0.0,0,7
72,PwP,36,0,0.0,3675.0,1830.0,122,41.0,0.0,1.0,1,7
73,Group,36,2,,6000.0,405.0,27,19.0,0.0,0.0,0,7
74,PwP,37,0,0.0,3765.0,1890.0,126,42.0,0.0,1.0,1,7
75,Group,37,0,,6480.0,435.0,29,20.0,0.0,0.0,0,7
76,PwP,38,0,0.0,3825.0,1920.0,128,42.0,0.0,1.0,1,7
77,Group,38,0,,6480.0,435.0,29,20.0,0.0,0.0,0,7
78,PwP,39,0,0.0,3885.0,1965.0,131,43.0,0.0,1.0,1,7
79,Group,39,0,,6480.0,435.0,29,20.0,0.0,0.0,0,7
80,PwP,40,0,0.0,3975.0,2010.0,134,45.0,0.0,1.0,1,7
81,Group,40,0,,6480.0,435.0,29,20.0,0.0,0.0,0,7
82,PwP,41,0,0.0,4095.0,2070.0,138,45.0,0.0,1.0,1,7
83,Group,41,0,,6480.0,435.0,29,20.0,0.0,0.0,0,7
84,PwP,42,0,0.0,4215.0,2130.0,142,45.0,0.0,1.0,1,7
85,Group,42,0,,6480.0,435.0,29,20.0,0.0,0.0,0,7
86,PwP,43,0,0.0,4365.0,2205.0,147,47.0,0.0,1.0,1,7
87,Group,43,0,,6480.0,435.0,29,20.0,0.0,0.0,0,7
88,PwP,44,0,0.0,4485.0,2265.0,151,49.0,0.0,1.0,1,7
89,Group,44,0,,6480.0,435.0,29,20.0,0.0,0.0,0,7
90,PwP,45,0,0.0,4545.0,2295.0,153,49.0,0.0,1.0,1,7
91,Group,45,1,,7200.0,480.0,32,21.0,0.0,0.0,0,7
92,PwP,46,0,0.0,4680.0,2355.0,157,52.0,0.0,1.0,1,7
93,Group,46,1,,7920.0,525.0,35,22.0,0.0,0.0,0,7
94,PwP,47,0,0.0,4800.0,2415.0,161,54.0,0.0,1.0,1,7
95,Group,47,0,,8400.0,555.0,37,22.0,0.0,0.0,0,7
96,PwP,48,0,0.0,4890.0,2460.0,164,57.0,0.0,1.0,1,7
97,Group,48,0,,8400.0,555.0,37,22.0,0.0,0.0,0,7
98,PwP,49,0,0.0,4980.0,2505.0,167,57.0,0.0,1.0,1,7
99,Group,49,0,,8400.0,555.0,37,22.0,0.0,0.0,0,7
100,PwP,50,0,0.0,5130.0,2580.0,172,58.0,0.0,1.0,1,7
101,Group,50,0,,8400.0,555.0,37,22.0,0.0,0.0,0,7
102,PwP,51,0,0.0,5250.0,2640.0,176,59.0,0.0,1.0,1,7
103,Group,51,0,,8400.0,555.0,37,22.0,0.0,0.0,0,7
0,PwP,0,0,,0.0,0.0,0,0.0,0.0,0.0,0,8
1,Group,0,0,,0.0,0.0,0,0.0,0.0,0.0,0,8
2,PwP,1,0,,90.0,60.0,4,2.0,0.0,0.0,0,8
3,Group,1,0,,0.0,0.0,0,0.0,0.0,0.0,0,8
4,PwP,2,0,,210.0,120.0,8,5.0,0.0,0.0,0,8
5,Group,2,0,,0.0,0.0,0,0.0,0.0,0.0,0,8
6,PwP,3,0,,300.0,165.0,11,7.0,0.0,0.0,0,8
7,Group,3,0,,0.0,0.0,0,0.0,0.0,0.0,0,8
8,PwP,4,0,,360.0,195.0,13,9.0,0.0,0.0,0,8
9,Group,4,0,,0.0,0.0,0,0.0,0.0,0.0,0,8
10,PwP,5,0,,450.0,240.0,16,10.0,0.0,0.0,0,8
11,Group,5,0,,0.0,0.0,0,0.0,0.0,0.0,0,8
12,PwP,6,0,,480.0,255.0,17,10.0,0.0,0.0,0,8
13,Group,6,0,,0.0,0.0,0,0.0,0.0,0.0,0,8
14,PwP,7,0,,600.0,315.0,21,12.0,0.0,0.0,0,8
15,Group,7,0,,0.0,0.0,0,0.0,0.0,0.0,0,8
16,PwP,8,0,,690.0,360.0,24,12.0,0.0,0.0,0,8
17,Group,8,0,,0.0,0.0,0,0.0,0.0,0.0,0,8
18,PwP,9,0,,825.0,420.0,28,15.0,0.0,0.0,0,8
19,Group,9,0,,0.0,0.0,0,0.0,0.0,0.0,0,8
20,PwP,10,0,,945.0,480.0,32,16.0,0.0,0.0,0,8
21,Group,10,0,,0.0,0.0,0,0.0,0.0,0.0,0,8
22,PwP,11,0,,1065.0,540.0,36,17.0,0.0,0.0,0,8
23,Group,11,0,,0.0,0.0,0,0.0,0.0,0.0,0,8
24,PwP,12,0,,1155.0,585.0,39,17.0,0.0,0.0,0,8
25,Group,12,1,,720.0,45.0,3,2.0,0.0,0.0,0,8
26,PwP,13,0,,1275.0,645.0,43,19.0,0.0,0.0,0,8
27,Group,13,1,,1440.0,90.0,6,3.0,0.0,0.0,0,8
28,PwP,14,0,,1365.0,705.0,47,21.0,0.0,0.0,0,8
29,Group,14,0,,2160.0,135.0,9,4.0,0.0,0.0,0,8
30,PwP,15,0,,1485.0,765.0,51,21.0,0.0,0.0,0,8
31,Group,15,0,,2160.0,135.0,9,4.0,0.0,0.0,0,8
32,PwP,16,0,,1575.0,810.0,54,22.0,0.0,0.0,0,8
33,Group,16,0,,2160.0,135.0,9,4.0,0.0,0.0,0,8
34,PwP,17,0,,1665.0,855.0,57,22.0,0.0,0.0,0,8
35,Group,17,0,,2160.0,135.0,9,4.0,0.0,0.0,0,8
36,PwP,18,0,,1815.0,930.0,62,22.0,0.0,0.0,0,8
37,Group,18,0,,2160.0,135.0,9,4.0,0.0,0.0,0,8
38,PwP,19,0,,1935.0,990.0,66,22.0,0.0,0.0,0,8
39,Group,19,0,,2160.0,135.0,9,4.0,0.0,0.0,0,8
40,PwP,20,0,,2025.0,1035.0,69,23.0,0.0,0.0,0,8
41,Group,20,0,,2160.0,135.0,9,4.0,0.0,0.0,0,8
42,PwP,21,0,,2115.0,1080.0,72,24.0,0.0,0.0,0,8
43,Group,21,0,,2160.0,135.0,9,4.0,0.0,0.0,0,8
44,PwP,22,0,,2235.0,1140.0,76,24.0,0.0,0.0,0,8
45,Group,22,0,,2160.0,135.0,9,4.0,0.0,0.0,0,8
46,PwP,23,0,,2355.0,1200.0,80,24.0,0.0,0.0,0,8
47,Group,23,0,,2160.0,135.0,9,4.0,0.0,0.0,0,8
48,PwP,24,0,,2445.0,1260.0,84,25.0,0.0,0.0,0,8
49,Group,24,0,,2160.0,135.0,9,4.0,0.0,0.0,0,8
50,PwP,25,0,,2565.0,1320.0,88,26.0,0.0,0.0,0,8
51,Group,25,0,,2160.0,135.0,9,4.0,0.0,0.0,0,8
52,PwP,26,0,,2685.0,1380.0,92,27.0,0.0,0.0,0,8
53,Group,26,0,,2160.0,135.0,9,4.0,0.0,0.0,0,8
54,PwP,27,0,,2805.0,1440.0,96,28.0,0.0,0.0,0,8
55,Group,27,0,,2160.0,135.0,9,4.0,0.0,0.0,0,8
56,PwP,28,0,,2895.0,1485.0,99,29.0,0.0,0.0,1,8
57,Group,28,1,,2880.0,180.0,12,4.0,0.0,0.0,0,8
58,PwP,29,0,,2985.0,1530.0,102,31.0,0.0,0.0,1,8
59,Group,29,1,,3600.0,225.0,15,6.0,0.0,0.0,0,8
60,PwP,30,0,,3105.0,1590.0,106,31.0,0.0,0.0,1,8
61,Group,30,0,,4080.0,255.0,17,7.0,0.0,0.0,0,8
62,PwP,31,0,,3225.0,1650.0,110,32.0,0.0,0.0,1,8
63,Group,31,0,,4080.0,255.0,17,7.0,0.0,0.0,0,8
64,PwP,32,0,,3315.0,1695.0,113,33.0,0.0,0.0,1,8
65,Group,32,0,,4080.0,255.0,17,7.0,0.0,0.0,0,8
66,PwP,33,0,,3405.0,1740.0,116,34.0,0.0,0.0,1,8
67,Group,33,0,,4080.0,255.0,17,7.0,0.0,0.0,0,8
68,PwP,34,0,,3465.0,1770.0,118,35.0,0.0,0.0,1,8
69,Group,34,0,,4080.0,255.0,17,7.0,0.0,0.0,0,8
70,PwP,35,0,,3525.0,1800.0,120,35.0,0.0,0.0,1,8
71,Group,35,0,,4080.0,255.0,17,7.0,0.0,0.0,0,8
72,PwP,36,0,,3615.0,1845.0,123,36.0,0.0,0.0,1,8
73,Group,36,0,,4080.0,255.0,17,7.0,0.0,0.0,0,8
74,PwP,37,0,,3675.0,1875.0,125,38.0,0.0,0.0,1,8
75,Group,37,0,,4080.0,255.0,17,7.0,0.0,0.0,0,8
76,PwP,38,0,,3765.0,1920.0,128,40.0,0.0,0.0,1,8
77,Group,38,0,,4080.0,255.0,17,7.0,0.0,0.0,0,8
78,PwP,39,0,,3915.0,1995.0,133,41.0,0.0,0.0,1,8
79,Group,39,0,,4080.0,255.0,17,7.0,0.0,0.0,0,8
80,PwP,40,0,,4035.0,2055.0,137,42.0,0.0,0.0,1,8
81,Group,40,1,,4320.0,300.0,20,10.0,0.0,0.0,0,8
82,PwP,41,0,,4095.0,2085.0,139,43.0,0.0,0.0,1,8
83,Group,41,1,,5040.0,345.0,23,12.0,0.0,0.0,0,8
84,PwP,42,0,,4185.0,2130.0,142,45.0,0.0,0.0,1,8
85,Group,42,1,,5760.0,390.0,26,12.0,0.0,0.0,0,8
86,PwP,43,0,,4320.0,2190.0,146,47.0,0.0,0.0,1,8
87,Group,43,0,,6480.0,435.0,29,13.0,0.0,0.0,0,8
88,PwP,44,0,,4380.0,2220.0,148,47.0,0.0,0.0,1,8
89,Group,44,0,,6480.0,435.0,29,13.0,0.0,0.0,0,8
90,PwP,45,0,,4470.0,2265.0,151,47.0,0.0,0.0,1,8
91,Group,45,0,,6480.0,435.0,29,13.0,0.0,0.0,0,8
92,PwP,46,0,,4530.0,2295.0,153,48.0,0.0,0.0,1,8
93,Group,46,0,,6480.0,435.0,29,13.0,0.0,0.0,0,8
94,PwP,47,0,,4620.0,2340.0,156,49.0,0.0,0.0,2,8
95,Group,47,0,,6480.0,435.0,29,13.0,0.0,0.0,0,8
96,PwP,48,0,,4680.0,2370.0,158,49.0,0.0,0.0,2,8
97,Group,48,0,,6480.0,435.0,29,13.0,0.0,0.0,0,8
98,PwP,49,0,,4770.0,2430.0,162,51.0,0.0,0.0,2,8
99,Group,49,0,,6480.0,435.0,29,13.0,0.0,0.0,0,8
100,PwP,50,0,,4890.0,2490.0,166,53.0,0.0,0.0,2,8
101,Group,50,0,,6480.0,435.0,29,13.0,0.0,0.0,0,8
102,PwP,51,0,,5010.0,2550.0,170,55.0,0.0,0.0,2,8
103,Group,51,0,,6480.0,435.0,29,13.0,0.0,0.0,0,8
0,PwP,0,0,,0.0,0.0,0,0.0,0.0,0.0,0,9
1,Group,0,0,,0.0,0.0,0,0.0,0.0,0.0,0,9
2,PwP,1,0,,90.0,45.0,3,2.0,0.0,0.0,0,9
3,Group,1,0,,0.0,0.0,0,0.0,0.0,0.0,0,9
4,PwP,2,0,,180.0,90.0,6,2.0,0.0,0.0,0,9
5,Group,2,0,,0.0,0.0,0,0.0,0.0,0.0,0,9
6,PwP,3,0,,330.0,165.0,11,2.0,0.0,0.0,0,9
7,Group,3,0,,0.0,0.0,0,0.0,0.0,0.0,0,9
8,PwP,4,0,,420.0,210.0,14,2.0,0.0,0.0,0,9
9,Group,4,0,,0.0,0.0,0,0.0,0.0,0.0,0,9
10,PwP,5,0,,510.0,255.0,17,3.0,0.0,0.0,0,9
11,Group,5,0,,0.0,0.0,0,0.0,0.0,0.0,0,9
12,PwP,6,0,,600.0,300.0,20,4.0,0.0,0.0,0,9
13,Group,6,0,,0.0,0.0,0,0.0,0.0,0.0,0,9
14,PwP,7,0,,690.0,345.0,23,6.0,0.0,0.0,0,9
15,Group,7,0,,0.0,0.0,0,0.0,0.0,0.0,0,9
16,PwP,8,0,,780.0,405.0,27,8.0,0.0,0.0,0,9
17,Group,8,1,,720.0,45.0,3,2.0,0.0,0.0,0,9
18,PwP,9,0,,900.0,465.0,31,9.0,0.0,0.0,0,9
19,Group,9,1,,1440.0,90.0,6,5.0,0.0,0.0,0,9
20,PwP,10,0,,990.0,510.0,34,10.0,0.0,0.0,0,9
21,Group,10,0,,1920.0,120.0,8,5.0,0.0,0.0,0,9
22,PwP,11,0,,1110.0,570.0,38,11.0,0.0,0.0,0,9
23,Group,11,0,,1920.0,120.0,8,5.0,0.0,0.0,0,9
24,PwP,12,0,,1170.0,600.0,40,12.0,0.0,0.0,0,9
25,Group,12,0,,1920.0,120.0,8,5.0,0.0,0.0,0,9
26,PwP,13,0,,1335.0,675.0,45,15.0,0.0,0.0,0,9
27,Group,13,0,,1920.0,120.0,8,5.0,0.0,0.0,0,9
28,PwP,14,0,,1455.0,735.0,49,16.0,0.0,0.0,0,9
29,Group,14,0,,1920.0,120.0,8,5.0,0.0,0.0,0,9
30,PwP,15,0,,1545.0,780.0,52,17.0,0.0,0.0,0,9
31,Group,15,0,,1920.0,120.0,8,5.0,0.0,0.0,0,9
32,PwP,16,0,,1695.0,855.0,57,18.0,0.0,0.0,0,9
33,Group,16,0,,1920.0,120.0,8,5.0,0.0,0.0,0,9
34,PwP,17,0,,1815.0,915.0,61,19.0,0.0,0.0,0,9
35,Group,17,1,,2640.0,165.0,11,7.0,0.0,0.0,0,9
36,PwP,18,0,,1905.0,960.0,64,19.0,0.0,0.0,0,9
37,Group,18,1,,3360.0,210.0,14,9.0,0.0,0.0,0,9
38,PwP,19,0,,1995.0,1005.0,67,19.0,0.0,0.0,0,9
39,Group,19,0,,3600.0,225.0,15,10.0,0.0,0.0,0,9
40,PwP,20,0,,2055.0,1035.0,69,19.0,0.0,0.0,0,9
41,Group,20,0,,3600.0,225.0,15,10.0,0.0,0.0,0,9
42,PwP,21,0,,2145.0,1080.0,72,19.0,0.0,0.0,0,9
43,Group,21,0,,3600.0,225.0,15,10.0,0.0,0.0,0,9
44,PwP,22,0,,2205.0,1110.0,74,20.0,0.0,0.0,0,9
45,Group,22,0,,3600.0,225.0,15,10.0,0.0,0.0,0,9
46,PwP,23,0,,2295.0,1170.0,78,21.0,0.0,0.0,0,9
47,Group,23,0,,3600.0,225.0,15,10.0,0.0,0.0,0,9
48,PwP,24,0,,2415.0,1230.0,82,22.0,0.0,0.0,0,9
49,Group,24,0,,3600.0,225.0,15,10.0,0.0,0.0,0,9
50,PwP,25,0,,2550.0,1290.0,86,23.0,0.0,0.0,0,9
51,Group,25,0,,3600.0,225.0,15,10.0,0.0,0.0,0,9
52,PwP,26,0,,2685.0,1350.0,90,24.0,0.0,0.0,0,9
53,Group,26,0,,3600.0,225.0,15,10.0,0.0,0.0,0,9
54,PwP,27,0,,2835.0,1425.0,95,25.0,0.0,0.0,0,9
55,Group,27,0,,3600.0,225.0,15,10.0,0.0,0.0,0,9
56,PwP,28,0,,2955.0,1485.0,99,25.0,0.0,0.0,0,9
57,Group,28,0,,3600.0,225.0,15,10.0,0.0,0.0,0,9
58,PwP,29,0,,3015.0,1515.0,101,26.0,0.0,0.0,0,9
59,Group,29,2,,4320.0,270.0,18,11.0,0.0,0.0,0,9
60,PwP,30,0,,3135.0,1575.0,105,26.0,0.0,0.0,0,9
61,Group,30,2,,5040.0,315.0,21,12.0,0.0,0.0,0,9
62,PwP,31,0,,3255.0,1635.0,109,27.0,0.0,0.0,0,9
63,Group,31,0,,5760.0,360.0,24,13.0,0.0,0.0,0,9
64,PwP,32,0,,3360.0,1680.0,112,28.0,0.0,0.0,0,9
65,Group,32,0,,5760.0,360.0,24,13.0,0.0,0.0,0,9
66,PwP,33,0,,3480.0,1740.0,116,29.0,0.0,0.0,1,9
67,Group,33,0,,5760.0,360.0,24,13.0,0.0,0.0,0,9
68,PwP,34,0,,3540.0,1770.0,118,30.0,0.0,0.0,1,9
69,Group,34,0,,5760.0,360.0,24,13.0,0.0,0.0,0,9
70,PwP,35,0,,3630.0,1815.0,121,31.0,0.0,0.0,1,9
71,Group,35,0,,5760.0,360.0,24,13.0,0.0,0.0,0,9
72,PwP,36,0,,3690.0,1845.0,123,31.0,0.0,0.0,1,9
73,Group,36,0,,5760.0,360.0,24,13.0,0.0,0.0,0,9
74,PwP,37,0,,3780.0,1890.0,126,31.0,0.0,0.0,1,9
75,Group,37,0,,5760.0,360.0,24,13.0,0.0,0.0,0,9
76,PwP,38,0,,3960.0,1965.0,131,34.0,0.0,0.0,1,9
77,Group,38,0,,5760.0,360.0,24,13.0,0.0,0.0,0,9
78,PwP,39,0,,4050.0,2010.0,134,35.0,0.0,0.0,1,9
79,Group,39,1,,6480.0,405.0,27,16.0,0.0,0.0,0,9
80,PwP,40,0,,4140.0,2070.0,138,36.0,0.0,0.0,1,9
81,Group,40,1,,7200.0,450.0,30,18.0,0.0,0.0,0,9
82,PwP,41,0,,4230.0,2115.0,141,37.0,0.0,0.0,1,9
83,Group,41,0,,7920.0,495.0,33,20.0,0.0,0.0,0,9
84,PwP,42,0,,4380.0,2190.0,146,38.0,0.0,0.0,1,9
85,Group,42,0,,7920.0,495.0,33,20.0,0.0,0.0,0,9
86,PwP,43,0,,4470.0,2235.0,149,39.0,0.0,0.0,1,9
87,Group,43,0,,7920.0,495.0,33,20.0,0.0,0.0,0,9
88,PwP,44,0,,4590.0,2295.0,153,39.0,0.0,0.0,1,9
89,Group,44,0,,7920.0,495.0,33,20.0,0.0,0.0,0,9
90,PwP,45,0,,4650.0,2325.0,155,41.0,0.0,0.0,1,9
91,Group,45,0,,7920.0,495.0,33,20.0,0.0,0.0,0,9
92,PwP,46,0,,4710.0,2355.0,157,41.0,0.0,0.0,1,9
93,Group,46,0,,7920.0,495.0,33,20.0,0.0,0.0,0,9
94,PwP,47,0,,4815.0,2400.0,160,43.0,0.0,0.0,2,9
95,Group,47,0,,7920.0,495.0,33,20.0,0.0,0.0,0,9
96,PwP,48,0,,4920.0,2445.0,163,45.0,0.0,0.0,2,9
97,Group,48,0,,7920.0,495.0,33,20.0,0.0,0.0,0,9
98,PwP,49,0,,5010.0,2490.0,166,47.0,0.0,0.0,2,9
99,Group,49,0,,7920.0,495.0,33,20.0,0.0,0.0,0,9
100,PwP,50,0,,5160.0,2565.0,171,48.0,0.0,0.0,2,9
101,Group,50,0,,7920.0,495.0,33,20.0,0.0,0.0,0,9
102,PwP,51,0,,5250.0,2610.0,174,49.0,0.0,0.0,2,9
103,Group,51,0,,7920.0,495.0,33,20.0,0.0,0.0,0,9
